,0,1,PredClass
0,-5.92766857283e+33,-7.95142460139e+35,0
1,-2.07379156737e+36,-1.3324138986e+35,1
2,-2.7162265672e+34,-3.29850540964e+34,0
3,-2.86949240349e+37,-7.30850653877e+36,1
4,-6.96610593562e+32,-7.00039409473e+36,0
5,-4.51230643494e+35,-3.86197767272e+37,0
6,-9.04785208337e+35,-3.84675566995e+38,0
7,-5.17562697567e+31,-4.18342646871e+35,0
8,-4.47125123299e+34,-4.94809394657e+38,0
9,-1.42386720168e+34,-3.36493241809e+31,1
10,-2.57898298747e+35,-8.00086956076e+34,1
11,-1.25239368671e+39,-2.76440042696e+37,1
12,-1.17090410877e+37,-9.17929491204e+36,1
13,-5.61992177197e+37,-1.71736571596e+40,0
14,-1.6382887862e+33,-6.49327417825e+36,0
15,-8.9539948638e+31,-8.79601431894e+28,1
16,-7.62149432087e+36,-4.36462927305e+32,1
17,-5.88528882856e+33,-4.19543781032e+37,0
18,-4.51943508285e+36,-1.17900196381e+39,0
19,-2.20358052539e+35,-1.79529071454e+36,0
20,-9.42148655784e+37,-1.11733233992e+38,0
21,-3.30124785448e+38,-8.22935354593e+28,1
22,-5.11793944027e+34,-1.49500024229e+31,1
23,-1.01634644103e+38,-1.90453173513e+35,1
24,-1.29141991659e+35,-3.80925809874e+34,1
25,-6.05976526326e+30,-6.26232595028e+37,0
26,-6.06644354989e+31,-4.53606887528e+38,0
27,-3.79892121089e+38,-9.25072395187e+37,1
28,-1.29042457053e+38,-1.32520770493e+40,0
29,-7.06525330177e+36,-3.29438626982e+29,1
30,-6.73699398105e+34,-6.32170267631e+33,1
31,-4.19779787326e+27,-9.86767024649e+29,0
32,-4.40624362183e+35,-7.32142319796e+40,0
33,-1.00604054124e+36,-9.62255137913e+36,0
34,-1.27789552698e+34,-8.83919934341e+33,1
35,-6.03737769827e+38,-2.78563318447e+42,0
36,-1.85058259767e+36,-2.56715106149e+33,1
37,-2.10143962443e+35,-4.53320266477e+37,0
38,-5.37889558091e+37,-1.04190300701e+38,0
39,-7.90239949588e+32,-3.20881467697e+37,0
40,-1.13750780483e+39,-6.46194858243e+38,1
41,-2.13707445989e+42,-1.21648973265e+42,1
42,-5.38327664347e+31,-8.47693166917e+31,0
43,-4.3113448341e+35,-9.69756154064e+36,0
44,-2.98961913745e+34,-5.93039345848e+37,0
45,-2.22353286573e+37,-4.55183875969e+39,0
46,-1.27860618573e+36,-5.82494849223e+38,0
47,-7.93709329715e+32,-6.25061670409e+36,0
48,-1.72907385242e+35,-3.56114476275e+37,0
49,-8.02810469517e+35,-3.86693620789e+37,0
50,-8.91682954687e+34,-6.79768996135e+38,0
51,-2.54474441335e+32,-4.88101438063e+38,0
52,-1.18678842812e+37,-1.23345047966e+38,0
53,-1.01573172782e+30,-1.95431340486e+31,0
54,-2.27424930918e+37,-1.01989985979e+40,0
55,-7.10903282357e+35,-1.05704614888e+38,0
56,-1.30230697229e+37,-7.64652633108e+40,0
57,-3.03511194224e+34,-1.29829977885e+29,1
58,-9.01221072981e+37,-2.7425260372e+38,0
59,-9.97153739367e+36,-1.2462952797e+42,0
60,-6.39674999319e+34,-2.5761415957e+38,0
61,-6.6631709296e+35,-1.95412649336e+31,1
62,-9.40088235264e+33,-6.06411564076e+34,0
63,-9.53485514087e+36,-7.93410709523e+36,1
64,-1.08479923775e+37,-8.05520612179e+36,1
65,-2.53810955535e+38,-3.86623629759e+33,1
66,-4.13727181194e+33,-6.60447561847e+35,0
67,-1.85283392593e+33,-1.63212158796e+28,1
68,-2.38556871569e+35,-6.37376133681e+38,0
69,-4.61953462336e+23,-3.82322927509e+33,0
70,-2.28561844921e+35,-9.2688196242e+38,0
71,-1.26307250479e+38,-9.82067110052e+39,0
72,-7.93495172286e+37,-5.76096057018e+34,1
73,-2.1312630768e+41,-1.30439096231e+38,1
74,-2.89396514122e+36,-4.35283491614e+34,1
75,-1.51692924656e+38,-2.4476250488e+38,0
76,-8.76355072856e+36,-3.86157326782e+38,0
77,-1.59834021131e+33,-1.51290894492e+38,0
78,-1.41387183953e+31,-1.88891118831e+38,0
79,-2.52090255766e+40,-1.27745811393e+39,1
80,-7.35322020555e+36,-4.01287961299e+31,1
81,-1.19936780519e+35,-1.1598600987e+40,0
82,-2.0892207004e+36,-1.55002972955e+38,0
83,-3.99240774576e+36,-1.34732117238e+34,1
84,-1.08281571674e+28,-1.11637969426e+40,0
85,-2.33906373502e+38,-8.21973511051e+32,1
86,-2.47399815805e+34,-3.84286796124e+34,0
87,-1.00268616265e+37,-4.78928083167e+36,1
88,-8.69791905572e+33,-4.52186998936e+35,0
89,-8.58493527983e+30,-6.2982713827e+37,0
90,-6.45899886414e+33,-5.65742682167e+36,0
91,-1.48789795855e+37,-1.40332687897e+38,0
92,-1.59562533993e+41,-1.05652546379e+40,1
93,-2.91872531821e+35,-3.52442606021e+38,0
94,-2.05527170544e+38,-4.51714294655e+37,1
95,-3.49244130967e+36,-1.67478400899e+35,1
96,-1.89721566694e+36,-1.15573218864e+38,0
97,-2.6172325801e+31,-9.91322816502e+32,0
98,-7.57626529786e+39,-2.72925401818e+40,0
99,-9.23616809128e+39,-4.50007578674e+44,0
100,-3.63928494239e+32,-3.82847138124e+37,0
101,-3.13674801061e+36,-1.00843269877e+34,1
102,-1.23274821873e+34,-1.54246465303e+35,0
103,-6.98472748293e+35,-4.21265798858e+36,0
104,-3.82985878204e+34,-1.00601051621e+33,1
105,-8.12144794664e+34,-4.32581545067e+33,1
106,-4.02704504203e+33,-2.11288356229e+36,0
107,-1.25897387855e+33,-5.30397480498e+37,0
108,-3.12405589128e+33,-2.0460801562e+34,0
109,-1.33751199907e+39,-4.68117013243e+38,1
110,-1.11778425556e+41,-2.10985866393e+42,0
111,-1.38218302032e+37,-1.07131616467e+33,1
112,-9.02541253524e+35,-5.20322831096e+40,0
113,-1.44016020639e+37,-7.6725056662e+39,0
114,-8.84960165928e+29,-2.19271165294e+34,0
115,-2.05223343498e+35,-7.06394978794e+39,0
116,-4.41942027167e+36,-2.93312983201e+32,1
117,-2.82742732005e+40,-2.17369373076e+38,1
118,-1.28032021429e+38,-1.1634234508e+43,0
119,-1.72714378998e+31,-1.84729830978e+33,0
120,-2.80182407116e+34,-1.81456023833e+33,1
121,-8.32914079221e+26,-5.24298645324e+36,0
122,-1.75359979663e+38,-3.5328337214e+32,1
123,-1.03832160715e+37,-7.12211925396e+38,0
124,-8.12003210315e+29,-1.10152821705e+33,0
125,-2.53623717187e+39,-8.42341850108e+39,0
126,-3.48155087357e+37,-1.53281668527e+38,0
127,-7.49272885335e+40,-1.40301766586e+39,1
128,-1.0435355348e+42,-6.99712410948e+43,0
129,-4.0742757671e+36,-2.95694053577e+39,0
130,-2.27429030228e+41,-6.9934306382e+41,0
131,-2.50564203765e+33,-7.10647272236e+38,0
132,-1.25295453518e+36,-2.24093070941e+37,0
133,-3.46176517845e+29,-3.46927986794e+32,0
134,-2.09754726191e+34,-3.76303720603e+38,0
135,-2.35867554813e+39,-2.49665754178e+38,1
136,-8.6350265597e+35,-1.86619248154e+34,1
137,-1.33936350976e+35,-9.69938202727e+32,1
138,-6.91614888397e+38,-3.53844637068e+33,1
139,-4.70153596422e+37,-8.45430227121e+40,0
140,-4.47592747452e+36,-7.34541471347e+38,0
141,-3.23952534299e+34,-6.65515166751e+33,1
142,-3.68770809054e+34,-1.78217309091e+32,1
143,-3.84756105324e+33,-5.54846024093e+30,1
144,-1.77216721114e+35,-7.14257974207e+37,0
145,-7.94633113556e+35,-7.14860590824e+38,0
146,-1.47906752535e+36,-2.83648774566e+34,1
147,-3.81614054823e+34,-4.80946774229e+39,0
148,-2.86110842804e+35,-3.68507201192e+35,0
149,-1.25567248172e+29,-5.26140760746e+32,0
150,-3.23319131936e+37,-2.44172334455e+33,1
151,-5.74422031728e+37,-1.46206257222e+35,1
152,-1.04300089057e+36,-2.40469137706e+39,0
153,-3.62703392949e+38,-4.83040921665e+37,1
154,-3.41708169801e+37,-3.54711472379e+38,0
155,-1.54166638574e+35,-4.94434611421e+39,0
156,-2.40345060456e+40,-6.43027771583e+36,1
157,-4.71925312622e+35,-7.66445321066e+37,0
158,-2.37559730813e+37,-5.61681817022e+37,0
159,-3.17226201793e+39,-6.6417805371e+35,1
160,-6.17609291211e+34,-2.79054650338e+35,0
161,-1.94897793406e+34,-6.28177973254e+32,1
162,-6.36510231415e+32,-1.19898944522e+34,0
163,-6.87789668034e+38,-1.67336603664e+36,1
164,-7.34956944568e+36,-7.20608782653e+41,0
165,-3.64036164677e+35,-6.20141780312e+33,1
166,-1.88018384489e+38,-3.38402058675e+34,1
167,-3.14379351164e+34,-2.06686962913e+35,0
168,-7.41458310725e+39,-7.9329517907e+38,1
169,-1.35279973007e+31,-8.68979167115e+31,0
170,-3.47313632678e+35,-3.99929160466e+40,0
171,-1.85446074957e+38,-2.99395788601e+38,0
172,-6.21835745262e+32,-1.27389326793e+25,1
173,-9.24812483657e+33,-1.71177922734e+30,1
174,-6.9985623901e+31,-1.26323572163e+31,1
175,-6.83239592932e+33,-4.10555327106e+27,1
176,-9.54906579112e+35,-5.90218181709e+36,0
177,-4.8031371753e+31,-9.96509543604e+31,0
178,-1.78385265516e+37,-5.93414324288e+34,1
179,-2.74922411875e+32,-4.52455076844e+28,1
180,-2.03164254616e+32,-1.37635719043e+34,0
181,-4.28191932448e+37,-7.12481727024e+34,1
182,-3.08096613822e+34,-2.7431403714e+32,1
183,-6.19997619935e+33,-3.85944432019e+34,0
184,-2.42616683842e+35,-1.37029941749e+37,0
185,-2.89387381476e+36,-7.25699672313e+41,0
186,-6.12706232808e+35,-1.58378481185e+36,0
187,-2.48536492755e+37,-7.27312510779e+39,0
188,-4.99080777175e+37,-8.45176934016e+36,1
189,-4.09176134589e+28,-7.20071078684e+36,0
190,-5.85595980447e+34,-1.42100768669e+34,1
191,-5.95942862856e+35,-1.1990383216e+36,0
192,-4.71221638195e+38,-1.12988087934e+41,0
193,-2.60054316493e+37,-4.83599295776e+39,0
194,-1.84671435035e+35,-4.29715877328e+32,1
195,-1.16556947982e+34,-1.88295301982e+35,0
196,-5.15170404041e+35,-1.55350402803e+36,0
197,-2.10764174916e+34,-2.55183157836e+35,0
198,-6.63791353367e+33,-1.76226202173e+35,0
199,-4.57909340366e+33,-3.58491456552e+32,1
200,-6.48711168586e+37,-6.51456850621e+31,1
201,-1.27967305764e+36,-1.70368610779e+36,0
202,-3.78002852604e+32,-7.19210320042e+34,0
203,-1.48877681876e+34,-2.16328353817e+33,1
204,-8.67322217421e+35,-3.72688001671e+36,0
205,-6.51483783011e+36,-1.57439539691e+39,0
206,-5.23233419229e+35,-9.54985333283e+33,1
207,-4.56986604486e+34,-3.59758270576e+36,0
208,-1.12510510837e+33,-5.39135356466e+34,0
209,-5.50994467007e+32,-1.60182356985e+35,0
210,-4.42516299799e+36,-8.79649125613e+39,0
211,-2.07216406372e+36,-3.40979571011e+32,1
212,-2.31403795692e+35,-1.58085537425e+32,1
213,-2.31368289173e+32,-1.5351908833e+35,0
214,-9.46133681954e+29,-1.92321885109e+28,1
215,-1.2547891614e+36,-5.59039337324e+32,1
216,-6.40261961964e+35,-1.99596148622e+40,0
217,-3.21808590952e+38,-4.98159189585e+40,0
218,-1.82831444668e+38,-2.11188831984e+40,0
219,-5.12868025119e+37,-8.64917234319e+37,0
220,-5.78789383507e+32,-1.18371151804e+37,0
221,-8.29929043574e+40,-6.59645162746e+37,1
222,-3.02427196007e+32,-1.10161890261e+32,1
223,-3.59571522877e+32,-5.90939332716e+33,0
224,-3.77836772033e+36,-8.84209556495e+35,1
225,-3.7249585663e+38,-1.65011857657e+38,1
226,-2.00580205567e+32,-1.04816008394e+37,0
227,-2.26783165383e+35,-5.96902454385e+38,0
228,-2.44355763102e+39,-1.85109823879e+39,1
229,-2.91429730875e+34,-1.37197028411e+37,0
230,-8.87386486094e+25,-1.68514748515e+36,0
231,-3.7492021564e+28,-2.24597396056e+31,0
232,-8.16006037697e+37,-1.19535601458e+42,0
233,-3.35821710739e+38,-4.50338120244e+39,0
234,-5.48653822636e+35,-1.94591791258e+37,0
235,-5.23841642018e+35,-1.04960260764e+37,0
236,-7.53694646219e+37,-6.46024984482e+35,1
237,-2.724103173e+43,-1.56235494574e+43,1
238,-1.40255973193e+36,-7.11342972607e+38,0
239,-2.53852462843e+40,-2.27743797353e+41,0
240,-4.23612085108e+34,-3.56930958525e+37,0
241,-7.23561147201e+37,-5.33056117839e+33,1
242,-4.27362677277e+34,-4.41689701255e+34,0
243,-1.06584149341e+38,-3.0848945634e+31,1
244,-1.36079548992e+37,-4.36581295268e+34,1
245,-1.29788846037e+33,-4.65464730792e+32,1
246,-5.64164116614e+34,-3.10746954202e+36,0
247,-5.89415912191e+38,-8.69727900059e+36,1
248,-2.72238344322e+38,-4.44554456309e+35,1
249,-2.81559367441e+29,-2.26665093722e+35,0
250,-2.68875460759e+31,-4.53546181511e+34,0
251,-9.53038015268e+28,-2.77021068714e+26,1
252,-1.59633265404e+39,-6.25743908885e+38,1
253,-4.99230513017e+32,-6.21316069651e+36,0
254,-1.85799255184e+34,-7.66434400787e+36,0
255,-5.80488761887e+39,-3.75141956342e+40,0
256,-4.59866225235e+30,-2.31718955962e+32,0
257,-6.30432953928e+39,-1.56042606505e+41,0
258,-2.55811678085e+35,-2.95881981379e+35,0
259,-4.21152379835e+41,-2.49767680184e+41,1
260,-6.0667726878e+32,-1.30390935783e+35,0
261,-4.02907620144e+40,-5.92463241388e+36,1
262,-6.93504459931e+34,-2.80225229545e+37,0
263,-2.63372057552e+39,-2.13300797213e+36,1
264,-2.25478674152e+33,-1.29498893364e+34,0
265,-4.50142686536e+33,-3.06870343036e+33,1
266,-3.13397285544e+39,-1.73277218038e+42,0
267,-6.79667720112e+36,-1.56703670459e+35,1
268,-6.63009590958e+37,-3.34302783256e+42,0
269,-3.15038003771e+37,-1.16234405602e+38,0
270,-2.11292768093e+35,-1.88659324007e+37,0
271,-3.54806595335e+40,-1.4363474979e+39,1
272,-2.17609148831e+38,-7.53312606667e+33,1
273,-4.89152139829e+33,-2.1187445124e+40,0
274,-2.20863067571e+38,-2.22740945063e+37,1
275,-1.70724892258e+36,-5.20260720822e+38,0
276,-5.25497678106e+27,-1.72541017828e+34,0
277,-7.37855638362e+35,-7.78033879341e+34,1
278,-8.89103996136e+30,-1.26704056832e+32,0
279,-6.52630813741e+38,-3.54235342552e+39,0
280,-4.91037210058e+35,-2.59594581685e+34,1
281,-3.29061398215e+35,-9.68016228092e+38,0
282,-1.24816262732e+35,-1.07357649002e+30,1
283,-3.96420530729e+35,-4.16804501897e+36,0
284,-2.14960302434e+34,-4.36187182893e+37,0
285,-2.83982106516e+38,-2.54147236794e+39,0
286,-7.34631979263e+32,-3.10869236434e+37,0
287,-1.20771112072e+37,-2.93259906657e+35,1
288,-5.50794199784e+32,-3.66977768841e+35,0
289,-3.41893834861e+35,-1.64565317956e+35,1
290,-1.43389530637e+33,-2.75188848946e+38,0
291,-1.30012083434e+39,-1.41013429968e+40,0
292,-7.79216264861e+33,-1.3701628591e+37,0
293,-7.90270682668e+36,-2.02260833007e+37,0
294,-2.39901140415e+32,-3.59150184713e+40,0
295,-8.83456230346e+29,-8.52056479183e+35,0
296,-1.67835404991e+30,-1.4772272873e+37,0
297,-2.93875800447e+33,-1.46123090691e+36,0
298,-3.59451261084e+33,-4.40350430248e+30,1
299,-2.72919991339e+34,-3.78251542473e+34,0
300,-1.51055580392e+33,-9.93247625995e+29,1
301,-1.48250607045e+31,-1.11233768872e+32,0
302,-5.9565936373e+35,-5.17640816599e+31,1
303,-5.30690082647e+35,-5.30711383216e+36,0
304,-5.08312572783e+36,-3.60978585088e+37,0
305,-3.61986093334e+37,-1.04493072854e+41,0
306,-1.42502322359e+38,-3.11590457221e+40,0
307,-7.1188592737e+32,-1.97187616216e+33,0
308,-3.91365593882e+33,-9.62126354018e+37,0
309,-6.15962272353e+37,-9.03798342212e+32,1
310,-5.60076501001e+38,-2.36228885929e+38,1
311,-3.23713584806e+37,-1.04834191061e+35,1
312,-2.05581059671e+36,-3.16808392232e+37,0
313,-4.22153237526e+34,-1.38470437916e+36,0
314,-2.45686310781e+38,-3.28519961118e+33,1
315,-2.17039879202e+37,-2.88577432952e+40,0
316,-2.87572559831e+33,-5.87302777149e+36,0
317,-8.91617386327e+33,-3.70725810829e+35,0
318,-8.23771376375e+35,-1.19204453239e+28,1
319,-5.80020271686e+42,-5.21705975183e+40,1
320,-1.67803407274e+36,-3.95043369326e+35,1
321,-2.2088472408e+36,-1.3312238494e+37,0
322,-4.60706372524e+38,-2.65353794296e+36,1
323,-1.69220082472e+34,-1.42074480491e+30,1
324,-3.2840633581e+39,-7.42499492612e+39,0
325,-1.00444178894e+34,-4.82773986254e+32,1
326,-1.61901242375e+38,-9.67081617638e+35,1
327,-2.75132473108e+38,-9.40325023799e+39,0
328,-4.34919066966e+36,-2.53324910386e+40,0
329,-1.42835366126e+33,-2.84097811353e+39,0
330,-2.85916896903e+36,-8.82822918129e+35,1
331,-7.03179253872e+32,-1.65359671221e+35,0
332,-5.32444775377e+39,-2.28157978633e+37,1
333,-9.84861476437e+33,-1.06115616946e+37,0
334,-3.51216636164e+32,-1.61307053872e+34,0
335,-7.75017500398e+36,-2.00104793332e+40,0
336,-9.01046896038e+33,-3.21958462778e+29,1
337,-4.78416205016e+30,-1.48199740145e+28,1
338,-1.90111657335e+34,-1.15030190571e+36,0
339,-1.22330365899e+40,-9.59046389048e+38,1
340,-1.73670663921e+33,-8.18303828879e+35,0
341,-1.73885988667e+31,-2.10867171797e+35,0
342,-3.31515528082e+36,-2.23471435824e+37,0
343,-1.0531883277e+36,-1.8497003029e+40,0
344,-1.19298104197e+35,-1.83273591573e+33,1
345,-2.53674438547e+28,-6.34200644295e+36,0
346,-4.06272943387e+32,-1.50567493691e+38,0
347,-1.97121701014e+29,-9.50228257547e+34,0
348,-1.29905663701e+39,-1.08343463345e+41,0
349,-2.86107159854e+40,-3.72131935937e+40,0
350,-1.87043257618e+36,-3.7566204478e+39,0
351,-1.54530461449e+35,-1.13329029241e+31,1
352,-2.22393167732e+40,-3.38216209683e+38,1
353,-5.43825024036e+33,-4.13137414833e+35,0
354,-4.48851148101e+37,-4.17702450878e+32,1
355,-2.15539103459e+40,-5.60230016668e+38,1
356,-5.03877041531e+35,-1.91740827194e+33,1
357,-1.78912827474e+35,-1.17664819611e+36,0
358,-7.85204088697e+26,-2.01382150842e+38,0
359,-2.56137776409e+37,-5.53955936898e+38,0
360,-2.3309254659e+35,-1.5051485656e+33,1
361,-8.52432327504e+34,-2.11784662577e+27,1
362,-7.97050319148e+33,-7.13688825169e+39,0
363,-1.39000969299e+34,-1.2602693611e+33,1
364,-1.21317596571e+38,-3.03730032523e+41,0
365,-4.22635705399e+30,-2.32482166435e+36,0
366,-2.3936739759e+37,-3.01068910296e+36,1
367,-1.07042457363e+33,-3.55586167953e+34,0
368,-3.22113183336e+36,-7.1486025544e+38,0
369,-2.04299261901e+33,-5.60034899025e+36,0
370,-4.82049000989e+37,-3.80188865862e+40,0
371,-6.96168516763e+38,-7.64601653892e+37,1
372,-1.6509252526e+36,-3.45814388464e+35,1
373,-4.2261106623e+38,-1.52407866291e+42,0
374,-1.35507444176e+39,-4.73311549053e+36,1
375,-3.33340947159e+31,-5.53181124716e+37,0
376,-1.52992400749e+30,-3.39017399466e+36,0
377,-5.50712157512e+38,-1.79023705625e+37,1
378,-6.71487607464e+39,-2.71644839597e+36,1
379,-1.44836872399e+28,-9.92072630649e+35,0
380,-1.17902097588e+32,-8.38365808834e+33,0
381,-1.39225358586e+27,-9.60993904085e+32,0
382,-1.2253403752e+35,-2.17201107897e+40,0
383,-1.12279372301e+34,-1.87397614614e+34,0
384,-2.45776789591e+36,-1.61439263039e+38,0
385,-8.91303419872e+37,-1.09077941248e+36,1
386,-6.36014546195e+35,-3.5164322175e+35,1
387,-2.41159412799e+41,-3.74156548767e+38,1
388,-1.39816160772e+23,-1.70661413691e+36,0
389,-4.47493831322e+38,-3.31500108221e+37,1
390,-3.58536572218e+32,-1.15105134573e+31,1
391,-2.39904092397e+33,-6.02905703701e+34,0
392,-1.9793219173e+32,-2.19894969372e+32,0
393,-8.40934673525e+29,-1.61352477835e+34,0
394,-7.15295020547e+32,-3.21507139183e+38,0
395,-4.25284270812e+35,-7.73621949317e+35,0
396,-1.23994483324e+38,-4.89356786003e+34,1
397,-1.85639325637e+35,-1.27795172094e+36,0
398,-1.58005146259e+36,-1.02917059545e+36,1
399,-4.18251555609e+33,-3.55833926754e+36,0
400,-4.46508679861e+27,-3.51049029403e+37,0
401,-1.41348579261e+31,-6.15851902454e+33,0
402,-2.95980358266e+33,-1.07314146379e+35,0
403,-2.41914707438e+36,-8.39884317485e+36,0
404,-2.62517929957e+36,-1.08861339298e+37,0
405,-2.67069073828e+35,-1.33368505925e+33,1
406,-9.13615663594e+37,-7.40256988311e+37,1
407,-2.94293441832e+43,-8.44550790838e+45,0
408,-2.68957629606e+39,-1.82470638453e+39,1
409,-3.44155946292e+32,-1.00706920341e+36,0
410,-2.0098845219e+35,-1.54160414156e+39,0
411,-5.91826236401e+34,-1.43539083903e+33,1
412,-1.10028281436e+37,-1.11539989814e+37,0
413,-2.70737561054e+35,-3.03696262826e+28,1
414,-6.83616720155e+32,-2.75508216776e+38,0
415,-9.06812147777e+39,-7.14280350297e+38,1
416,-1.31510043236e+38,-2.66374643143e+40,0
417,-1.57359403028e+37,-8.29675646601e+38,0
418,-5.46678386342e+36,-8.19863530635e+31,1
419,-4.16467989071e+39,-2.6154465619e+41,0
420,-3.030307106e+34,-1.94132070729e+38,0
421,-8.29989213575e+36,-7.56954334155e+34,1
422,-3.24562189345e+32,-5.91372320545e+32,0
423,-1.51396124309e+34,-1.6574915732e+39,0
424,-4.0438548592e+30,-1.5178635233e+37,0
425,-4.43248924569e+28,-2.27193975735e+34,0
426,-7.54418422608e+32,-4.31306145683e+37,0
427,-6.74945338889e+36,-1.51436730435e+31,1
428,-1.15473790206e+36,-1.26483366143e+37,0
429,-2.8256396392e+27,-1.49519309416e+35,0
430,-2.52313888332e+34,-3.12958794725e+31,1
431,-5.87506439471e+30,-1.58326054468e+34,0
432,-3.5152732216e+39,-1.98067518877e+35,1
433,-1.90542031476e+40,-4.6550379774e+43,0
434,-6.34890207405e+34,-6.37439004969e+37,0
435,-3.34637449834e+33,-1.50222969059e+34,0
436,-5.44383522539e+36,-5.57642470905e+32,1
437,-9.24168053398e+36,-1.06503737032e+33,1
438,-1.12780705002e+32,-2.70449029814e+32,0
439,-3.90601500287e+35,-2.00285131777e+40,0
440,-2.41212138465e+33,-4.07994124298e+35,0
441,-4.30610375699e+36,-4.25153309935e+37,0
442,-1.12762399247e+31,-8.38891204853e+36,0
443,-1.80014927448e+36,-1.54310133546e+37,0
444,-2.62163864677e+34,-8.76650696569e+39,0
445,-3.0749593315e+35,-1.03242856089e+37,0
446,-1.80472894722e+38,-6.70521945397e+37,1
447,-1.06135235834e+36,-1.51926794779e+38,0
448,-2.9652499445e+38,-1.70822862823e+39,0
449,-1.00303092914e+31,-9.3864904781e+34,0
450,-2.29666809355e+33,-7.57096654212e+37,0
451,-9.82220478375e+33,-4.51939168471e+36,0
452,-3.16267281782e+36,-3.70658549175e+37,0
453,-1.16883481909e+39,-2.75398065058e+41,0
454,-3.66491324534e+38,-8.22488301473e+34,1
455,-3.63048079966e+30,-4.8481554692e+35,0
456,-7.95804791474e+33,-5.18698167706e+33,1
457,-3.41533300904e+37,-3.54915655706e+38,0
458,-8.24770708977e+35,-3.79043356561e+41,0
459,-6.42090308351e+29,-9.23976341053e+33,0
460,-1.50109205598e+35,-1.43087936477e+35,1
461,-4.02757399453e+38,-1.01343902555e+37,1
462,-6.80274300724e+34,-2.44170310725e+39,0
463,-2.21582709394e+38,-1.43877766699e+39,0
464,-1.3767692932e+37,-7.30503182951e+33,1
465,-5.60260736231e+34,-8.21376455731e+31,1
466,-3.36883734787e+35,-8.37695831333e+34,1
467,-1.63451622938e+34,-2.4632394754e+33,1
468,-1.8116352181e+31,-3.60053969122e+37,0
469,-1.48648917472e+34,-4.16314960009e+36,0
470,-8.30925747498e+36,-2.05769730984e+37,0
471,-4.96994940014e+34,-5.44287535955e+39,0
472,-1.92760702407e+40,-3.16418214084e+38,1
473,-2.91592580998e+36,-1.54963173954e+35,1
474,-6.89789265418e+35,-1.13135413354e+35,1
475,-8.67697283872e+36,-6.4081437375e+36,1
476,-2.25869733998e+38,-2.4847294001e+33,1
477,-3.63549517534e+39,-6.29717587624e+33,1
478,-1.41259743603e+33,-1.09522887116e+35,0
479,-6.00274254351e+34,-1.60630226763e+35,0
480,-2.03677838225e+32,-3.52795719105e+34,0
481,-4.78863891798e+35,-6.98319506712e+38,0
482,-5.63287118714e+34,-1.51867328165e+34,1
483,-1.12243684734e+32,-2.13219168805e+31,1
484,-4.93370611687e+36,-4.36199292895e+34,1
485,-1.26553316309e+39,-4.50209626636e+41,0
486,-1.15762870214e+35,-2.18278618507e+34,1
487,-6.96678915921e+34,-4.03892788414e+35,0
488,-2.26479750071e+30,-1.4612602135e+31,0
489,-1.47492437571e+38,-2.73435882295e+34,1
490,-8.61603820951e+32,-3.09080034059e+36,0
491,-1.60271771559e+38,-1.44404339614e+30,1
492,-2.9446493809e+38,-2.27994354403e+38,1
493,-6.38343636691e+31,-1.66569287756e+33,0
494,-1.96127594368e+34,-1.22542965868e+26,1
495,-1.1691465484e+38,-1.43618519336e+36,1
496,-1.26500502933e+39,-2.96429653423e+35,1
497,-3.04748063384e+36,-1.12442276787e+32,1
498,-6.48657205212e+36,-9.9865445722e+33,1
499,-2.94615629266e+36,-1.72149199803e+35,1
500,-3.51301617818e+31,-2.68406085666e+32,0
501,-3.66440596478e+37,-2.69680989548e+34,1
502,-2.89081134849e+32,-1.30736154641e+38,0
503,-7.42787943125e+36,-7.87428301302e+40,0
504,-3.20998866227e+39,-2.37682957775e+40,0
505,-1.17795796587e+30,-3.39075065213e+33,0
506,-2.64245392492e+37,-4.66755194646e+37,0
507,-1.04476169808e+33,-3.04453492147e+34,0
508,-6.55290149162e+35,-1.56745972057e+34,1
509,-2.80547837484e+36,-1.49448531278e+38,0
510,-9.40945305237e+38,-1.55429199154e+39,0
511,-3.60374128281e+34,-5.40223387081e+40,0
512,-4.16814428245e+32,-1.30863008846e+37,0
513,-1.68106754596e+35,-8.08476527876e+38,0
514,-3.25799908052e+33,-2.80170081342e+33,1
515,-7.81285195829e+32,-2.20506897019e+35,0
516,-1.78387416182e+31,-1.72907514426e+36,0
517,-4.48185065629e+34,-1.16286877691e+36,0
518,-6.39514776994e+37,-5.65850596962e+37,1
519,-2.4574972437e+37,-2.22631660463e+36,1
520,-4.30853732569e+31,-8.22385586211e+38,0
521,-1.73967560443e+34,-5.55412793079e+33,1
522,-1.54928046545e+34,-8.50618738687e+34,0
523,-6.35977965314e+39,-2.97612423273e+40,0
524,-9.89540505687e+30,-2.05377410179e+37,0
525,-4.16457948184e+36,-3.07878082188e+38,0
526,-3.33152173021e+34,-1.76769835733e+37,0
527,-1.38623199543e+34,-3.82888251105e+32,1
528,-9.94470388083e+36,-2.563843109e+39,0
529,-3.38617003004e+37,-2.69646901484e+38,0
530,-1.5335003173e+40,-5.3221900114e+38,1
531,-5.71670403475e+38,-3.0825839117e+43,0
532,-1.71927383099e+40,-1.17945139232e+43,0
533,-4.31612470318e+32,-1.27930709737e+30,1
534,-1.12938188307e+35,-3.84164008205e+38,0
535,-6.22814145347e+27,-2.90841299749e+37,0
536,-8.50034484357e+36,-2.31196410441e+41,0
537,-2.9737094019e+35,-1.1046456612e+25,1
538,-2.24617964628e+38,-1.72977433948e+35,1
539,-2.19034986403e+36,-4.89786824315e+41,0
540,-4.26514519357e+36,-4.47940424409e+33,1
541,-1.28996496384e+38,-6.7146353866e+41,0
542,-5.14769265867e+37,-8.35057501499e+40,0
543,-7.8907267821e+38,-2.29202838378e+40,0
544,-1.01102199355e+36,-4.76802969535e+36,0
545,-5.32989846027e+37,-1.95204197923e+39,0
546,-1.85536140567e+41,-2.21532904818e+40,1
547,-2.76293628376e+30,-1.07575088782e+36,0
548,-1.85263941717e+39,-1.77915820368e+36,1
549,-2.86050239965e+36,-3.36243179644e+33,1
550,-2.30340762662e+35,-8.98999484224e+42,0
551,-5.32424382311e+33,-4.89450612879e+35,0
552,-4.06914077715e+37,-1.38851274261e+40,0
553,-2.38349289067e+37,-5.23666496877e+40,0
554,-1.56489507691e+36,-2.23460192777e+34,1
555,-1.22041642068e+32,-4.34367295236e+35,0
556,-2.69210058425e+37,-9.8035101718e+31,1
557,-3.33228077436e+35,-3.99443703965e+33,1
558,-2.33373123168e+32,-4.56379532029e+38,0
559,-1.02204278372e+33,-1.08373978266e+35,0
560,-7.16134891316e+32,-1.14775271485e+34,0
561,-7.31254597179e+36,-5.65544490515e+34,1
562,-1.57222962036e+33,-1.88617565808e+36,0
563,-7.91507461366e+28,-1.02976891199e+36,0
564,-1.8058059185e+33,-4.07783895816e+35,0
565,-4.82890497844e+30,-9.6740610934e+33,0
566,-1.62352988108e+39,-4.26770307554e+39,0
567,-3.63537610462e+35,-8.02373858027e+32,1
568,-4.71942434567e+34,-3.45492521166e+38,0
569,-4.83129393091e+28,-4.81128961781e+24,1
570,-1.18248633991e+36,-3.10481645196e+37,0
571,-3.57647956044e+33,-3.4522028534e+33,1
572,-1.793944487e+33,-3.09110998618e+35,0
573,-5.3804616174e+31,-4.3539145476e+33,0
574,-6.75098368986e+37,-7.81992792987e+35,1
575,-1.59753096015e+34,-1.29758287238e+36,0
576,-1.77147502103e+30,-1.20366161027e+35,0
577,-6.48475064953e+36,-1.16341864907e+33,1
578,-6.30887645618e+37,-1.06113238088e+35,1
579,-5.27384430327e+37,-1.74439087446e+37,1
580,-8.80431097988e+39,-8.77525553317e+39,1
581,-2.5618821553e+33,-4.39181296321e+32,1
582,-1.13966243126e+37,-9.93201482505e+38,0
583,-5.69673500376e+35,-3.82746993648e+40,0
584,-4.26056830713e+39,-1.06486462974e+38,1
585,-3.55389690015e+35,-7.78820189256e+35,0
586,-1.30988559723e+34,-2.15245294438e+29,1
587,-2.08617001025e+35,-1.65525126198e+40,0
588,-6.01143886131e+31,-8.43894535719e+36,0
589,-1.88770541612e+33,-8.67089013133e+29,1
590,-6.2711162808e+37,-3.75372621803e+38,0
591,-8.64283889606e+37,-1.61569823215e+40,0
592,-6.57770710574e+37,-4.28122391849e+37,1
593,-5.65227305603e+33,-3.61715584142e+40,0
594,-6.12279331188e+34,-7.50022133987e+36,0
595,-7.10737136181e+39,-2.42311080591e+37,1
596,-1.94864394716e+30,-2.86454318677e+32,0
597,-1.09507031376e+38,-2.2060375775e+37,1
598,-2.599731712e+34,-1.32705364999e+38,0
599,-3.62007606039e+39,-5.82842573917e+35,1
600,-2.70250501402e+37,-1.35165068001e+32,1
601,-2.11485751834e+37,-9.18347093822e+33,1
602,-6.07135118651e+39,-5.53633502902e+40,0
603,-3.05360973895e+35,-2.77402572009e+34,1
604,-1.48376959198e+40,-4.58579510854e+41,0
605,-5.13039739767e+37,-3.02919927536e+37,1
606,-3.69393442875e+38,-7.18578322862e+41,0
607,-2.71879015088e+41,-2.01637993042e+42,0
608,-1.01534631333e+39,-1.53999534043e+40,0
609,-9.08046693774e+33,-4.66842602319e+36,0
610,-2.15034249767e+35,-1.61833167727e+38,0
611,-5.67463279624e+40,-9.31288345643e+39,1
612,-1.0345540973e+39,-2.36109736849e+42,0
613,-3.99525120713e+38,-4.29463408242e+38,0
614,-2.201856011e+29,-2.30850655242e+40,0
615,-3.10367426169e+41,-5.94125614853e+43,0
616,-6.23602219503e+33,-1.63145998491e+34,0
617,-1.13000745082e+39,-3.4962808672e+40,0
618,-1.03696717693e+37,-2.39454356044e+39,0
619,-9.43090903962e+33,-1.20463025626e+36,0
620,-5.29177509136e+36,-1.59711492221e+38,0
621,-1.10735263713e+35,-3.15673045899e+38,0
622,-5.08232607176e+36,-3.96493447592e+30,1
623,-5.21884326289e+38,-1.20553849566e+37,1
624,-3.42682568572e+31,-3.97356007497e+30,1
625,-4.71708218593e+30,-5.96835226425e+40,0
626,-6.18696553287e+35,-2.46922125991e+35,1
627,-6.06408760867e+34,-4.30374444257e+36,0
628,-1.84882253133e+36,-2.45111380418e+35,1
629,-2.32624180403e+36,-6.55511223507e+34,1
630,-1.05846680881e+34,-2.57857330472e+37,0
631,-5.88525234404e+34,-7.93523524751e+40,0
632,-3.23049673432e+36,-1.47707416699e+37,0
633,-3.40178420732e+31,-7.76203322629e+36,0
634,-8.5326268874e+33,-5.26783077396e+37,0
635,-3.67117486041e+31,-1.36527459071e+38,0
636,-2.45913902544e+41,-1.60096080065e+36,1
637,-3.92590795239e+32,-5.30954666289e+36,0
638,-1.13545206078e+36,-1.8448252679e+39,0
639,-2.30858104044e+39,-1.01006348437e+35,1
640,-2.21674583178e+35,-2.28064611029e+40,0
641,-7.9413178496e+36,-8.42179740446e+39,0
642,-7.14808514551e+39,-4.50657925973e+37,1
643,-2.6582741755e+39,-1.25072469155e+41,0
644,-1.50588134342e+34,-9.42601198915e+34,0
645,-5.12591447176e+36,-3.50315967819e+40,0
646,-2.61900566582e+33,-1.44865534159e+38,0
647,-7.41550524325e+34,-1.19735285465e+33,1
648,-2.85124460099e+25,-3.76806800543e+30,0
649,-4.73368039209e+32,-2.257036478e+38,0
650,-1.22704611258e+38,-4.56240461159e+36,1
651,-5.30514412104e+34,-7.62815905285e+35,0
652,-2.15345534245e+36,-3.58677034916e+38,0
653,-3.3703534205e+29,-1.22925284e+41,0
654,-8.54443807546e+25,-1.51911493662e+26,0
655,-1.23510010562e+37,-1.12616056815e+39,0
656,-4.76069317578e+38,-4.37206958811e+32,1
657,-9.31688046813e+31,-2.22548790718e+32,0
658,-3.03166890315e+32,-7.40502436753e+31,1
659,-2.27263886318e+37,-8.98213972644e+36,1
660,-3.30375180093e+37,-3.07553058859e+36,1
661,-4.48136157667e+31,-9.30090508997e+29,1
662,-1.21083653131e+37,-2.61525801633e+36,1
663,-1.40312798484e+36,-1.8478664656e+41,0
664,-4.57708136624e+31,-3.43390285493e+33,0
665,-7.88230830918e+33,-9.94687364964e+34,0
666,-1.50409425936e+36,-1.74136133967e+38,0
667,-1.4526607761e+38,-4.58918779329e+38,0
668,-5.27594194223e+37,-4.66932873027e+39,0
669,-2.49324296167e+38,-4.80252923902e+38,0
670,-2.5742338724e+37,-2.07299486682e+38,0
671,-1.68660571714e+38,-3.44198732238e+37,1
672,-1.16803511686e+37,-8.97926347657e+41,0
673,-2.3840846934e+37,-1.65221141588e+40,0
674,-3.66662991047e+37,-7.68255639576e+39,0
675,-6.34678298152e+35,-5.52893899607e+37,0
676,-1.69013082976e+33,-2.66048284807e+38,0
677,-2.77243307451e+36,-6.24668492386e+38,0
678,-3.15598290907e+39,-1.97973378182e+38,1
679,-2.88694466706e+37,-2.86952845189e+39,0
680,-3.53977880353e+36,-4.84553669971e+38,0
681,-1.11822196727e+31,-3.21289023856e+36,0
682,-2.74465509968e+40,-1.12796210027e+40,1
683,-4.88102034605e+36,-1.27572423417e+31,1
684,-4.17387655522e+36,-3.34542740896e+35,1
685,-1.15184333628e+32,-1.56531457706e+34,0
686,-5.77321739775e+33,-8.39733407197e+33,0
687,-8.88924787722e+31,-1.54091159203e+35,0
688,-2.64444447131e+36,-6.44033503662e+39,0
689,-1.4420425434e+36,-6.40552797855e+38,0
690,-5.26155248432e+37,-2.066253764e+37,1
691,-2.32266263427e+32,-7.09891409831e+33,0
692,-4.27125700975e+30,-3.46557275068e+36,0
693,-3.78654184108e+37,-2.99804313356e+39,0
694,-1.84309607913e+33,-9.70706862399e+31,1
695,-1.61268244109e+33,-1.49702225302e+38,0
696,-5.35619746239e+32,-1.23105243769e+35,0
697,-2.40098479842e+34,-1.08671885587e+36,0
698,-5.50888956042e+35,-6.58598777933e+34,1
699,-2.50514479683e+34,-8.425318385e+33,1
700,-2.24985211155e+33,-1.95570526746e+37,0
701,-1.18464117215e+33,-1.37664240546e+35,0
702,-2.39636315909e+35,-2.89370357213e+39,0
703,-1.13182681256e+37,-8.08483135387e+40,0
704,-1.68932710371e+35,-1.34191946213e+39,0
705,-1.82464408058e+39,-3.26035069402e+37,1
706,-8.78214528433e+35,-3.28774095926e+35,1
707,-6.0157092802e+33,-1.55842440252e+35,0
708,-3.24326121882e+37,-6.79673777811e+34,1
709,-1.34326097666e+36,-2.30042220748e+36,0
710,-8.90483212095e+38,-7.73906427728e+36,1
711,-4.5301524361e+32,-1.77058843044e+35,0
712,-2.90878824328e+29,-4.05489285819e+31,0
713,-3.48707173844e+37,-2.54767343241e+34,1
714,-1.60082943514e+32,-6.3649221251e+36,0
715,-2.2570288948e+36,-6.10908564842e+36,0
716,-1.82778005635e+36,-9.25142200875e+36,0
717,-8.83950834103e+34,-3.59908302327e+33,1
718,-1.58429163199e+34,-7.85505031786e+33,1
719,-1.21636108997e+35,-5.3989318144e+36,0
720,-1.97864880535e+36,-1.58082678582e+35,1
721,-1.10578812579e+35,-1.2285212148e+33,1
722,-1.02592177488e+40,-1.58653397344e+38,1
723,-2.33877008172e+38,-3.20540557872e+36,1
724,-4.49417567591e+33,-1.34171183237e+35,0
725,-4.79723411184e+35,-5.51139947784e+36,0
726,-8.85270759629e+33,-2.44532017059e+38,0
727,-1.18174368391e+29,-4.86704055426e+35,0
728,-1.69915723017e+41,-3.62582036098e+39,1
729,-2.10103590014e+39,-7.62501764914e+34,1
730,-6.0554603962e+38,-3.8778428258e+37,1
731,-6.14103378576e+31,-2.26396322211e+33,0
732,-7.92650491154e+36,-1.27775880077e+32,1
733,-6.41876381086e+38,-3.47758948443e+38,1
734,-4.30352973754e+38,-2.1398607404e+39,0
735,-1.21078125806e+38,-2.27628969447e+37,1
736,-6.1565784683e+37,-4.95668287595e+39,0
737,-8.46961771414e+33,-1.50543428028e+40,0
738,-3.68979980996e+39,-6.27284852166e+36,1
739,-4.8010736546e+33,-2.32083773396e+34,0
740,-7.83693279001e+39,-6.22557221469e+37,1
741,-1.33657537665e+30,-5.25532084516e+35,0
742,-8.5728220829e+34,-3.46918826186e+35,0
743,-5.13492374605e+31,-8.04700823273e+32,0
744,-4.69405161067e+32,-9.37539599222e+35,0
745,-2.86225231326e+35,-3.42769380357e+31,1
746,-6.33995464931e+34,-1.22413968654e+42,0
747,-1.13830988621e+38,-3.80416549149e+32,1
748,-1.59687298092e+37,-1.06216212549e+36,1
749,-1.68610287699e+33,-3.9718279672e+33,0
750,-5.2469299748e+34,-2.10648402944e+38,0
751,-3.34009267143e+36,-5.83518335977e+36,0
752,-3.48972706101e+33,-5.2102457027e+39,0
753,-1.48364904633e+31,-6.67044429497e+29,1
754,-5.19613191087e+28,-1.09829278662e+35,0
755,-7.59275346279e+30,-3.77200474e+35,0
756,-6.67179957603e+35,-1.28864000078e+32,1
757,-5.20749067265e+31,-1.15247282096e+36,0
758,-1.25219442939e+33,-1.92846827582e+36,0
759,-6.90465761171e+37,-3.95990030005e+41,0
760,-8.96325683233e+32,-2.6554255618e+38,0
761,-1.57119908675e+36,-3.88848302407e+33,1
762,-1.84664998726e+36,-8.46794753705e+32,1
763,-4.99233061904e+32,-2.14089783766e+31,1
764,-5.81510173299e+37,-8.83354839445e+36,1
765,-6.03972476286e+28,-9.89781467135e+32,0
766,-1.95684275575e+34,-7.03005405459e+35,0
767,-2.74452588532e+39,-2.36122916648e+41,0
768,-1.79149961072e+36,-2.1659389381e+37,0
769,-4.36762760414e+40,-2.28839297501e+42,0
770,-3.1675976012e+41,-2.02011967409e+37,1
771,-5.45481859693e+40,-1.17463090854e+39,1
772,-4.57124280781e+33,-1.61095929292e+39,0
773,-1.53537163154e+37,-2.5926063228e+40,0
774,-1.50701982638e+34,-6.87052411588e+36,0
775,-1.34303070454e+38,-1.40812109151e+34,1
776,-1.04095393273e+34,-5.21630853875e+41,0
777,-1.97217194408e+39,-3.91351420504e+36,1
778,-1.01350736676e+32,-3.55740354065e+35,0
779,-3.65540632793e+32,-1.47591937812e+36,0
780,-6.96932656601e+37,-2.54382846328e+35,1
781,-1.30312840025e+35,-7.63428334446e+35,0
782,-1.90436122107e+38,-1.57441146005e+38,1
783,-5.22604323202e+35,-6.63846533151e+37,0
784,-6.76481291955e+37,-2.66069772832e+37,1
785,-2.06518152512e+38,-3.6937906133e+41,0
786,-1.85379260449e+36,-2.21122677582e+31,1
787,-3.1894083056e+32,-6.16922477565e+37,0
788,-1.87206877518e+32,-2.22841733473e+36,0
789,-3.73888786585e+34,-9.46851628961e+39,0
790,-2.37730154506e+36,-2.48520855182e+36,0
791,-1.01768153488e+37,-2.27244932618e+37,0
792,-2.78485434499e+35,-3.7797841464e+39,0
793,-5.85559691081e+34,-5.84980522262e+39,0
794,-5.20703119152e+35,-1.03493591643e+38,0
795,-2.60607905627e+40,-4.20275610935e+37,1
796,-9.30133474083e+34,-7.62107412515e+37,0
797,-1.38550876637e+42,-4.93681084706e+39,1
798,-8.04556097058e+39,-4.84060145262e+39,1
799,-4.20882852829e+35,-6.85839664583e+34,1
800,-5.18638062422e+34,-2.84491473373e+38,0
801,-1.10870176404e+39,-1.51421008181e+39,0
802,-6.25748868051e+36,-3.54381660837e+36,1
803,-1.65449295891e+37,-2.924397188e+36,1
804,-5.85097563893e+32,-9.46858713413e+32,0
805,-5.11870484694e+40,-1.04940402932e+38,1
806,-1.79244749039e+34,-5.31964030414e+38,0
807,-3.02385554278e+32,-5.35397909827e+36,0
808,-9.17166636017e+38,-1.3210648688e+41,0
809,-1.49877741924e+32,-3.96936007039e+36,0
810,-8.23511491171e+31,-8.57940575053e+34,0
811,-6.78884454304e+31,-6.02102787923e+36,0
812,-5.38638042246e+31,-2.24923080705e+38,0
813,-3.0262896965e+37,-1.46095500492e+38,0
814,-1.87316970198e+43,-4.65580014945e+41,1
815,-2.19933733689e+39,-5.23400852378e+33,1
816,-6.45059891109e+33,-1.53597144223e+40,0
817,-5.26013573937e+42,-7.34763001619e+35,1
818,-1.11228393908e+35,-9.23845307182e+37,0
819,-2.35864336618e+35,-3.48763600051e+34,1
820,-1.26621719953e+41,-1.34445256193e+36,1
821,-1.56973808383e+40,-5.25709056129e+36,1
822,-5.19361614709e+40,-2.15510620143e+37,1
823,-5.33074261945e+42,-1.90321581306e+42,1
824,-5.87016801674e+35,-4.19934477598e+39,0
825,-3.79206966814e+37,-7.88304434925e+32,1
826,-3.68200237522e+29,-1.2076340814e+37,0
827,-3.98171544543e+34,-9.41198014456e+31,1
828,-1.30713408482e+33,-2.48766201215e+37,0
829,-2.28895150313e+35,-4.77084432134e+37,0
830,-2.38143660747e+37,-5.5656482542e+34,1
831,-1.6044119795e+33,-4.95660675906e+27,1
832,-1.27959845898e+41,-1.21143522861e+38,1
833,-4.470033954e+36,-4.3539681428e+38,0
834,-1.59506897041e+30,-8.3146680826e+37,0
835,-4.81994596809e+36,-1.00501614393e+40,0
836,-1.17980157009e+41,-1.00897151092e+40,1
837,-2.2752324022e+40,-9.29087553962e+40,0
838,-7.10594463187e+30,-9.35606028461e+37,0
839,-9.58385071649e+37,-7.37098627087e+37,1
840,-7.32959384777e+36,-3.37521185315e+37,0
841,-5.93933454012e+35,-2.38877146742e+34,1
842,-1.89488690505e+36,-8.34965746201e+27,1
843,-4.01207254714e+44,-9.14272095827e+43,1
844,-1.03285347906e+36,-1.58845643263e+37,0
845,-3.03958672462e+36,-1.49143828763e+37,0
846,-1.85911108315e+34,-3.83971637837e+31,1
847,-5.0424726919e+31,-7.40934163728e+34,0
848,-3.99211179354e+37,-7.46650177868e+31,1
849,-2.37511957505e+30,-1.06178745595e+36,0
850,-1.04065442193e+30,-1.90608642414e+36,0
851,-1.1244404204e+38,-2.77053604221e+30,1
852,-2.49690513475e+32,-4.01704438742e+36,0
853,-2.5293039432e+30,-1.76078838201e+36,0
854,-1.22481906446e+27,-1.32257101122e+32,0
855,-1.17557876937e+32,-1.08599937136e+36,0
856,-1.77229782575e+33,-2.28069126545e+37,0
857,-5.60381154452e+33,-2.10875910104e+38,0
858,-1.45790513371e+37,-3.05177794295e+39,0
859,-3.35856496469e+30,-1.50161640373e+36,0
860,-5.1855639089e+38,-1.3017864162e+40,0
861,-1.57483544789e+36,-4.28273110275e+36,0
862,-4.45768496406e+35,-1.4197896515e+35,1
863,-1.6689697252e+36,-7.15643595565e+35,1
864,-3.78723603221e+33,-3.61665254585e+31,1
865,-3.65416642266e+34,-4.70178555352e+34,0
866,-1.83348034709e+36,-3.1949325861e+36,0
867,-1.15371842304e+34,-1.36330797119e+33,1
868,-1.52429897392e+37,-1.4083854953e+39,0
869,-1.72488616397e+32,-2.20135791376e+35,0
870,-3.0413178786e+40,-8.04623431061e+41,0
871,-3.44435958004e+31,-7.37297805334e+37,0
872,-3.55736327614e+37,-8.19519996922e+37,0
873,-1.72853912993e+38,-6.94808105013e+39,0
874,-2.0227122655e+38,-2.26434047258e+40,0
875,-3.72898403758e+39,-4.32461370367e+40,0
876,-2.70194977107e+38,-1.02980762646e+36,1
877,-9.44400777847e+32,-5.80823269538e+33,0
878,-1.70156635275e+33,-7.23948237511e+34,0
879,-4.18224446956e+34,-6.45254329131e+36,0
880,-2.32056465795e+30,-1.74592625459e+38,0
881,-1.70698154446e+39,-1.1149330576e+40,0
882,-3.83295874982e+39,-2.53956544947e+41,0
883,-5.11096833862e+32,-1.21286997747e+35,0
884,-6.05419816683e+32,-1.05311839291e+35,0
885,-1.26365013629e+41,-1.4368801069e+36,1
886,-2.14498341254e+38,-3.31488493108e+39,0
887,-1.48035324649e+36,-4.93584885757e+32,1
888,-2.08709833599e+40,-3.66314706618e+37,1
889,-1.4596739641e+35,-2.86923716544e+36,0
890,-3.2332097062e+37,-1.31303978407e+35,1
891,-7.25926534912e+36,-5.7590899078e+35,1
892,-1.69854821179e+38,-3.7670412248e+38,0
893,-5.84106864922e+35,-1.29340465414e+35,1
894,-3.00066373399e+34,-1.34068228026e+42,0
895,-5.43645578312e+30,-4.63816380779e+36,0
896,-3.90767877262e+36,-1.1097907796e+37,0
897,-5.28432788685e+39,-1.47407192359e+38,1
898,-1.51450187834e+41,-1.41110168524e+41,1
899,-8.52693364249e+39,-2.24632115303e+39,1
900,-4.19570791105e+39,-1.5797150479e+36,1
901,-7.81943896069e+39,-7.88186280708e+38,1
902,-1.91656994456e+37,-1.52763658084e+37,1
903,-1.06303521257e+39,-1.96590194196e+41,0
904,-4.22007273569e+36,-4.39699488192e+41,0
905,-3.18080346077e+41,-2.14219592311e+42,0
906,-9.02077271519e+37,-2.34970109469e+37,1
907,-4.59183649723e+36,-7.09470404694e+37,0
908,-6.40293075948e+37,-5.76154915929e+37,1
909,-2.15065054198e+36,-1.80336096509e+37,0
910,-3.42076542907e+37,-3.09945616108e+34,1
911,-1.74362327108e+32,-1.69622619983e+38,0
912,-1.76174169344e+43,-5.25848645829e+36,1
913,-9.62355875804e+37,-6.95894975808e+37,1
914,-2.06849540246e+28,-3.59059567916e+37,0
915,-5.77670931333e+37,-2.9847569311e+36,1
916,-5.55426979183e+32,-2.7238459691e+36,0
917,-1.21445974493e+35,-1.86830736449e+36,0
918,-4.90546245939e+35,-5.04062703218e+36,0
919,-7.66641893577e+38,-6.51977068738e+37,1
920,-2.54902600776e+36,-1.82319367317e+38,0
921,-6.60925986861e+28,-1.2096685848e+36,0
922,-9.33924718944e+37,-1.20159338206e+39,0
923,-9.45284188933e+33,-2.31331716541e+37,0
924,-5.4945557237e+37,-2.59050646161e+37,1
925,-2.06679580773e+39,-8.66906968748e+39,0
926,-2.80377588304e+33,-3.93166621008e+39,0
927,-1.88257317633e+33,-4.84043438898e+36,0
928,-6.26007558821e+36,-5.86777624463e+38,0
929,-1.58912441797e+34,-1.98120804994e+33,1
930,-3.70111439123e+39,-2.81216741319e+36,1
931,-4.88114944591e+36,-2.96324399906e+37,0
932,-2.12234052301e+37,-4.13376047438e+39,0
933,-1.48472121241e+40,-5.96433087261e+37,1
934,-1.64338969357e+39,-2.1205539717e+42,0
935,-1.74893811826e+37,-2.39134984326e+40,0
936,-5.60869170836e+35,-2.34906653475e+34,1
937,-1.73704230255e+30,-1.86010717083e+39,0
938,-6.44958296366e+31,-5.82027379349e+36,0
939,-5.96994397213e+28,-8.77175107699e+33,0
940,-1.35151209513e+32,-4.83506472654e+30,1
941,-1.35148250072e+40,-4.15449895628e+43,0
942,-2.35859301883e+38,-1.21075136833e+40,0
943,-3.00721450146e+34,-2.62636759406e+36,0
944,-3.52920153575e+39,-1.29358550765e+37,1
945,-9.79334508102e+32,-2.67417006497e+34,0
946,-3.09042752059e+37,-4.63205260589e+37,0
947,-3.16290214155e+38,-4.13058384768e+41,0
948,-8.45967822343e+39,-3.34085921974e+37,1
949,-1.50631922313e+38,-9.46885592574e+38,0
950,-1.98091426605e+31,-5.05658616978e+35,0
951,-4.68679260894e+36,-1.57162585827e+36,1
952,-4.63074697802e+39,-3.54526223871e+40,0
953,-2.83610025675e+35,-3.42064209136e+38,0
954,-3.00306959128e+29,-2.69241352623e+27,1
955,-2.04922581036e+37,-4.21455746031e+38,0
956,-5.365753373e+36,-4.86331278774e+37,0
957,-4.29449294609e+37,-2.37207056959e+37,1
958,-1.14335923679e+36,-6.98770293096e+39,0
959,-6.47228420148e+37,-5.25001995439e+33,1
960,-7.09525557628e+35,-2.81827985098e+38,0
961,-7.04743685119e+28,-3.20822316465e+36,0
962,-1.96190447853e+31,-2.31856809894e+37,0
963,-6.94236543751e+33,-3.49795570925e+40,0
964,-7.1463771213e+34,-2.46002115554e+37,0
965,-5.32447141923e+37,-3.85635754179e+39,0
966,-2.2596708479e+35,-4.97994616594e+36,0
967,-2.72049634769e+39,-1.62741280564e+41,0
968,-5.98673419751e+34,-2.37987693305e+34,1
969,-1.43310012935e+40,-2.71067498878e+39,1
970,-2.99206902637e+37,-3.33984393985e+39,0
971,-4.90664933793e+37,-3.59400983613e+38,0
972,-5.80527775538e+34,-9.53304089162e+38,0
973,-3.30949058277e+37,-7.98394391598e+33,1
974,-1.75809809245e+34,-1.11894899738e+35,0
975,-9.15986334148e+30,-5.78156386116e+38,0
976,-1.50709476291e+26,-2.78796534186e+34,0
977,-4.01991255812e+37,-1.24201664478e+37,1
978,-1.92829903843e+35,-1.16122351447e+40,0
979,-2.00355451958e+32,-2.50079528237e+34,0
980,-3.79629617175e+31,-3.15500575874e+32,0
981,-4.33077553016e+39,-1.16415383332e+41,0
982,-1.11937126656e+39,-8.60087598009e+35,1
983,-1.11188870205e+39,-7.55456514603e+35,1
984,-4.81507788413e+38,-7.67409516965e+36,1
985,-3.49258927067e+39,-2.61332727116e+32,1
986,-1.2773653065e+29,-6.32848703831e+34,0
987,-7.37170005378e+38,-4.42411985642e+37,1
988,-3.74114588167e+31,-3.00209042521e+36,0
989,-8.85555255222e+40,-8.99476608054e+41,0
990,-1.18603704758e+34,-1.32145930302e+31,1
991,-1.75307893859e+35,-1.79978748743e+35,0
992,-1.16909479532e+37,-4.90179591321e+36,1
993,-4.68463840085e+38,-1.17019514968e+38,1
994,-5.23184530835e+36,-2.18797661534e+32,1
995,-8.82352430611e+36,-1.87069685624e+33,1
996,-8.91008265523e+35,-2.53455097105e+38,0
997,-2.25054396075e+35,-4.70742421907e+32,1
998,-2.85653257181e+35,-5.29874192355e+34,1
999,-1.77141561589e+36,-2.98713429049e+37,0
1000,-2.72978760552e+36,-2.69099010722e+30,1
1001,-2.12114614935e+32,-1.67085404585e+29,1
1002,-9.0602586775e+33,-5.80416862734e+35,0
1003,-1.95079355953e+35,-4.86973497976e+30,1
1004,-5.94780324877e+39,-3.76709619471e+43,0
1005,-9.98632926334e+40,-8.94379470257e+36,1
1006,-6.18407098506e+34,-3.74747215885e+31,1
1007,-2.54521130816e+35,-6.54725123938e+34,1
1008,-3.57484567915e+35,-1.17134977031e+36,0
1009,-1.03869419755e+37,-2.18094393614e+41,0
1010,-4.67926463978e+35,-1.57308612742e+32,1
1011,-1.88188859759e+31,-1.99322555064e+33,0
1012,-6.48581588415e+39,-3.15922663916e+37,1
1013,-4.79459830863e+34,-6.98583353137e+33,1
1014,-1.38160422556e+39,-1.80862850428e+36,1
1015,-8.67945414757e+35,-1.16096051456e+36,0
1016,-1.45000304966e+38,-3.35614799544e+37,1
1017,-1.97948799166e+38,-9.82129233458e+35,1
1018,-3.82014018782e+32,-9.234765495e+37,0
1019,-1.54011974079e+32,-8.66175070064e+32,0
1020,-1.32070472597e+32,-1.02553068662e+35,0
1021,-2.71963364594e+38,-1.92917405419e+32,1
1022,-2.18755942814e+35,-2.5853671675e+33,1
1023,-6.928706526e+33,-6.93866251312e+35,0
1024,-4.34673836669e+30,-3.28049692579e+37,0
1025,-1.58211104223e+35,-1.07642833535e+37,0
1026,-1.12025441313e+37,-4.54321672954e+37,0
1027,-5.23915581316e+30,-6.74241973773e+23,1
1028,-1.0729699134e+39,-9.68246126608e+33,1
1029,-4.3353286228e+35,-1.20432029455e+32,1
1030,-2.43569353355e+37,-2.25193726957e+34,1
1031,-2.11906275164e+34,-1.50876908872e+37,0
1032,-4.62631424266e+34,-3.41191414512e+34,1
1033,-1.46955331492e+40,-2.78538436558e+37,1
1034,-1.87014110903e+33,-8.3914667201e+34,0
1035,-1.81686674009e+37,-2.26059550399e+37,0
1036,-2.20771470584e+39,-1.05615681369e+39,1
1037,-9.31019317898e+31,-1.35245806296e+29,1
1038,-2.69674385238e+34,-5.69500350394e+32,1
1039,-1.55255052958e+38,-5.03289394733e+37,1
1040,-3.71495330304e+31,-1.82640049594e+35,0
1041,-1.70955923224e+34,-4.56325421024e+32,1
1042,-4.04813652013e+34,-2.90496929748e+32,1
1043,-4.47514612495e+34,-8.98219383814e+36,0
1044,-7.57551868886e+39,-1.11669527929e+37,1
1045,-1.01457169157e+37,-1.03860174307e+38,0
1046,-4.60905223011e+35,-6.92718847792e+34,1
1047,-6.84395976929e+32,-3.33517423247e+33,0
1048,-1.47225702965e+39,-1.91190117665e+40,0
1049,-1.12076921415e+38,-4.02161582426e+38,0
1050,-4.04370049787e+37,-9.96113482015e+33,1
1051,-3.80852997303e+37,-2.4127637981e+37,1
1052,-2.43707377507e+39,-8.66827168079e+39,0
1053,-7.03727296431e+40,-6.09060272003e+42,0
1054,-1.09203015842e+40,-1.74564273554e+38,1
1055,-1.10702797548e+37,-1.21565165669e+35,1
1056,-1.54188823942e+38,-3.50482373375e+37,1
1057,-8.99988051503e+33,-4.35871501309e+37,0
1058,-6.34011326682e+36,-2.49073166583e+33,1
1059,-2.86613898339e+35,-4.81814851282e+31,1
1060,-3.00702495758e+35,-7.50758770765e+36,0
1061,-8.29021324485e+36,-2.25679935797e+35,1
1062,-2.42263838073e+39,-2.69188334831e+32,1
1063,-1.15475838431e+42,-9.94622239079e+40,1
1064,-2.94653135852e+33,-2.25912369198e+35,0
1065,-1.13083382973e+39,-3.82560882054e+38,1
1066,-1.08207107484e+36,-8.01139321725e+35,1
1067,-3.88650413553e+39,-6.48063189786e+38,1
1068,-8.84125872379e+38,-7.02962371562e+36,1
1069,-7.40816704867e+41,-1.19894628567e+31,1
1070,-1.00826026842e+35,-1.2807578002e+36,0
1071,-8.92552317803e+34,-2.4029494806e+33,1
1072,-1.31371400115e+37,-2.2330197483e+32,1
1073,-4.23421118218e+33,-1.37067534909e+37,0
1074,-8.81476222519e+29,-2.23636050682e+37,0
1075,-1.07970441405e+30,-4.19428453148e+28,1
1076,-9.08119562195e+35,-1.43616374905e+35,1
1077,-4.83613290616e+33,-1.17733771629e+33,1
1078,-6.41595521233e+32,-2.44875074619e+28,1
1079,-6.55448653389e+37,-6.62217983269e+34,1
1080,-5.96538198317e+33,-5.43221294204e+37,0
1081,-4.76182999187e+36,-3.67206292977e+33,1
1082,-6.74980299599e+37,-6.11858825991e+37,1
1083,-8.17432269958e+38,-1.53168625776e+39,0
1084,-2.22712847868e+38,-4.22089872929e+36,1
1085,-2.86771596999e+37,-6.35261524215e+26,1
1086,-1.2249181577e+32,-1.86727303785e+34,0
1087,-7.67953735504e+40,-1.26716170114e+38,1
1088,-8.95890572073e+33,-3.57776035003e+34,0
1089,-5.26908735454e+37,-1.02255524031e+39,0
1090,-5.47724856427e+33,-9.62743552372e+34,0
1091,-5.12753770356e+32,-2.56162482446e+38,0
1092,-2.51437074137e+33,-1.25472549162e+28,1
1093,-2.9049053358e+34,-5.52513119745e+36,0
1094,-9.40230162505e+33,-1.20976820873e+37,0
1095,-5.11411117146e+35,-7.06070541776e+31,1
1096,-1.6702385401e+38,-4.65636045279e+37,1
1097,-6.50558254124e+36,-1.97371187847e+36,1
1098,-1.04231310965e+39,-1.094130919e+39,0
1099,-1.50925042003e+33,-4.79628593361e+36,0
1100,-2.80025283428e+34,-2.14126334565e+38,0
1101,-5.12469488982e+37,-2.31277072679e+38,0
1102,-2.75274456874e+36,-1.85215359465e+35,1
1103,-6.02067482961e+38,-1.12428699912e+34,1
1104,-3.79545839671e+37,-1.28750127238e+34,1
1105,-1.2037220203e+34,-1.90881933821e+26,1
1106,-1.78938910394e+35,-5.61688141438e+33,1
1107,-1.83224593756e+33,-1.03023368578e+35,0
1108,-2.89817801809e+34,-1.77623305023e+31,1
1109,-1.16516537207e+37,-1.12722238049e+37,1
1110,-2.44648407272e+33,-3.54195915295e+28,1
1111,-9.93484116055e+34,-4.11496182883e+34,1
1112,-2.09533670568e+37,-4.409206337e+32,1
1113,-3.54846884196e+38,-4.58656237682e+39,0
1114,-2.42572320863e+39,-6.66705507051e+32,1
1115,-6.82371464412e+30,-2.08102907843e+34,0
1116,-2.01991980936e+37,-1.04120783889e+38,0
1117,-7.5478077135e+33,-3.0131404696e+35,0
1118,-1.60086442574e+32,-3.20632556111e+37,0
1119,-6.18663495058e+37,-3.68528596432e+30,1
1120,-1.69300760749e+37,-6.7084534108e+36,1
1121,-1.58630260221e+35,-4.94986858082e+32,1
1122,-1.7069749225e+29,-2.90534931039e+36,0
1123,-5.24243951029e+34,-1.50080854824e+32,1
1124,-1.04079357814e+36,-4.23516285702e+32,1
1125,-5.30512865874e+35,-2.74108132915e+36,0
1126,-2.16692542786e+38,-1.90598617347e+36,1
1127,-3.42799691017e+36,-1.17860071039e+33,1
1128,-1.72939555088e+34,-2.62089056224e+40,0
1129,-4.00362407117e+36,-2.87735504074e+31,1
1130,-4.47056174851e+40,-1.85675298038e+39,1
1131,-8.63702380044e+38,-3.78199008119e+35,1
1132,-1.14550978091e+39,-9.9556223241e+37,1
1133,-7.43733244142e+26,-1.30642500762e+31,0
1134,-1.11499384331e+38,-4.20606947141e+33,1
1135,-3.61795270779e+34,-4.58090067649e+38,0
1136,-7.91800682453e+32,-4.64445734586e+33,0
1137,-9.84280357284e+39,-2.29712724904e+31,1
1138,-2.15483496911e+39,-4.99311741074e+33,1
1139,-1.9900751499e+32,-9.84587575886e+31,1
1140,-2.72856909029e+32,-8.39192851267e+30,1
1141,-3.49690172702e+40,-5.64940479638e+38,1
1142,-1.9143917634e+31,-1.03934186542e+34,0
1143,-4.57057640025e+32,-4.32722404105e+36,0
1144,-6.36840409808e+28,-1.05083971932e+34,0
1145,-1.7466690903e+37,-5.11483482914e+30,1
1146,-2.45667913654e+27,-3.50800910545e+35,0
1147,-5.08029854204e+37,-1.08011218815e+33,1
1148,-4.98197616128e+34,-1.5470548921e+30,1
1149,-3.6037071226e+34,-4.65098461e+34,0
1150,-4.51045526219e+37,-7.47573627602e+34,1
1151,-5.08256400344e+36,-4.27991949453e+32,1
1152,-4.41776529664e+35,-1.11069419004e+30,1
1153,-5.32325523569e+34,-2.28242140117e+32,1
1154,-5.00676093194e+26,-1.12098071325e+37,0
1155,-5.45945500113e+39,-2.56831210382e+34,1
1156,-1.04697013093e+34,-3.54453175359e+25,1
1157,-1.97779299983e+43,-1.06289934736e+43,1
1158,-6.76647747019e+41,-1.07730573303e+37,1
1159,-5.11085473953e+38,-4.18408248147e+39,0
1160,-9.43625890422e+36,-1.88535459383e+30,1
1161,-5.19399296002e+37,-2.51194627123e+36,1
1162,-9.26330040061e+30,-4.6056469821e+34,0
1163,-8.60691737458e+34,-1.2452468148e+34,1
1164,-8.19179777612e+34,-2.52317969809e+37,0
1165,-6.71313316898e+37,-1.41929519587e+37,1
1166,-2.37487366863e+36,-4.49899716793e+35,1
1167,-5.94820803609e+36,-1.0201194691e+40,0
1168,-2.31552101072e+35,-2.38367625651e+37,0
1169,-3.47289869796e+33,-5.50452111902e+34,0
1170,-1.4896854781e+32,-6.44066930187e+33,0
1171,-3.7623701193e+34,-4.1345939873e+37,0
1172,-2.30122495996e+38,-2.0486529741e+31,1
1173,-5.97621619084e+32,-8.38663523457e+29,1
1174,-2.3599652756e+33,-2.37840887918e+32,1
1175,-2.20715074548e+31,-2.24382040587e+35,0
1176,-3.4996667432e+35,-6.61540083248e+35,0
1177,-6.67472114431e+37,-6.09773750644e+34,1
1178,-1.25346612194e+32,-2.27937770275e+34,0
1179,-4.87253271131e+36,-1.79725145948e+32,1
1180,-1.1526323006e+34,-7.08457400534e+35,0
1181,-1.44136467434e+39,-5.19476839694e+37,1
1182,-7.88642637385e+39,-9.15237304669e+37,1
1183,-6.72082130484e+41,-6.80256846473e+36,1
1184,-2.71101539678e+37,-2.81175412305e+38,0
1185,-1.0087266707e+31,-1.07994910784e+31,0
1186,-1.5140979026e+38,-3.1812401847e+38,0
1187,-1.88207909556e+43,-3.04602608071e+34,1
1188,-1.54833478339e+38,-4.47823344864e+34,1
1189,-6.9442293017e+29,-1.07902907037e+37,0
1190,-1.5912877779e+35,-4.38721471605e+37,0
1191,-3.62353474924e+39,-1.0279947743e+40,0
1192,-1.28257390462e+39,-6.27433439387e+37,1
1193,-2.55006682765e+38,-3.68951419211e+35,1
1194,-1.77233447601e+34,-2.31289361448e+35,0
1195,-1.19328843523e+37,-2.41759060146e+35,1
1196,-1.36495072723e+39,-6.16587775822e+37,1
1197,-1.13387456038e+39,-5.56022498825e+36,1
1198,-6.90139341738e+39,-6.9792338186e+38,1
1199,-4.26849924485e+37,-1.65490607751e+38,0
1200,-3.24764374902e+41,-3.93750266873e+36,1
1201,-8.80540141533e+39,-1.24875530558e+38,1
1202,-2.39890916034e+34,-4.37777939462e+30,1
1203,-8.94385934643e+29,-5.70975013679e+37,0
1204,-2.44030050172e+32,-8.32730063028e+31,1
1205,-1.81724815865e+38,-4.70247410889e+33,1
1206,-1.16326968196e+38,-2.53989040235e+38,0
1207,-3.02252820565e+32,-1.79051690159e+39,0
1208,-4.39135510108e+37,-1.18579657177e+35,1
1209,-9.41532907055e+25,-5.23010390292e+29,0
1210,-5.54904496069e+34,-9.74296267842e+37,0
1211,-2.48089550224e+36,-4.42699623558e+37,0
1212,-3.12093326514e+37,-4.34991082753e+32,1
1213,-8.9448294375e+38,-2.0264424577e+33,1
1214,-5.2670220987e+34,-2.10602094975e+38,0
1215,-6.03912461358e+32,-2.03182583911e+32,1
1216,-2.51760771716e+31,-6.72846107386e+35,0
1217,-7.06162629794e+33,-1.64681839395e+35,0
1218,-1.88530790118e+33,-2.51887810244e+33,0
1219,-8.27618479548e+34,-2.42270876502e+36,0
1220,-6.86875308832e+31,-9.5474302886e+33,0
1221,-5.33282996706e+35,-1.30911371118e+37,0
1222,-1.00762121781e+40,-3.96949368564e+39,1
1223,-1.03993887069e+31,-6.19204218382e+32,0
1224,-7.17675610631e+34,-4.19625264449e+29,1
1225,-5.53954976338e+32,-1.58233899174e+30,1
1226,-6.53039500048e+41,-9.44681493582e+41,0
1227,-4.13380647312e+35,-1.36698814328e+34,1
1228,-1.69220474996e+35,-1.00900743351e+36,0
1229,-2.18202806211e+36,-5.15726528485e+30,1
1230,-8.20898385245e+38,-4.04409419275e+38,1
1231,-8.30924187049e+39,-2.23790245175e+38,1
1232,-2.70348360476e+34,-9.23703993555e+29,1
1233,-3.4831382681e+41,-7.02975137166e+36,1
1234,-7.24926789056e+40,-6.56269955798e+37,1
1235,-6.23403985999e+37,-6.8952706443e+37,0
1236,-2.60530426009e+37,-3.33368283932e+35,1
1237,-1.44321615762e+39,-8.57320008016e+35,1
1238,-5.13213939487e+34,-1.23514254012e+34,1
1239,-2.67327317092e+35,-3.21865886442e+37,0
1240,-2.32486197377e+35,-4.69801852261e+33,1
1241,-9.50369883362e+29,-4.31678171744e+35,0
1242,-1.67919776478e+36,-1.68018755067e+30,1
1243,-8.79555883542e+31,-1.28275515927e+31,1
1244,-5.5453892836e+36,-5.81306132301e+35,1
1245,-2.0406344095e+29,-2.99401742162e+34,0
1246,-7.79305689995e+38,-7.16302407406e+39,0
1247,-8.36857875767e+40,-8.09895413337e+34,1
1248,-6.69014151654e+35,-4.37190161846e+32,1
1249,-2.93384922782e+34,-1.34292625533e+30,1
1250,-1.04225253369e+39,-3.88613739135e+37,1
1251,-9.08269972274e+34,-4.41386294836e+34,1
1252,-3.02176008789e+31,-3.66314520887e+29,1
1253,-4.21771889461e+31,-1.95814636108e+39,0
1254,-6.63852179799e+41,-1.06973379466e+34,1
1255,-1.51057656586e+32,-7.83393152079e+32,0
1256,-1.24434861518e+36,-2.42903860709e+32,1
1257,-1.41548830202e+36,-8.56730013252e+38,0
1258,-1.01752950059e+38,-4.33059877827e+32,1
1259,-1.98537144322e+37,-4.68876226043e+32,1
1260,-1.13765689187e+35,-2.11901067849e+35,0
1261,-2.08170275219e+38,-1.14853377497e+35,1
1262,-9.65490825493e+39,-1.79790995557e+29,1
1263,-2.23889865066e+39,-1.69135118811e+35,1
1264,-2.17950452471e+39,-7.94396395016e+31,1
1265,-4.14846602322e+36,-1.48171132998e+38,0
1266,-6.80548087539e+35,-8.2178089616e+28,1
1267,-1.44962104254e+42,-1.84660775837e+42,0
1268,-2.21554277103e+39,-1.45359610163e+36,1
1269,-1.14163217577e+41,-2.68951272067e+36,1
1270,-1.95971088165e+38,-5.15606105e+37,1
1271,-5.16013904397e+36,-3.25405548262e+30,1
1272,-5.79545488668e+32,-1.75477197946e+34,0
1273,-3.34734093666e+35,-1.43344709477e+38,0
1274,-4.49840221691e+39,-2.87683757585e+35,1
1275,-5.64265719727e+32,-4.42590618285e+32,1
1276,-3.08777764256e+39,-2.99360115489e+34,1
1277,-5.20828698497e+34,-2.5623413442e+31,1
1278,-4.5839394608e+35,-1.79392579383e+32,1
1279,-6.21950664379e+34,-1.41189866711e+33,1
1280,-2.03908273133e+36,-8.03927939536e+29,1
1281,-2.06244493493e+36,-5.07728893017e+36,0
1282,-5.97186022587e+34,-4.86490080084e+30,1
1283,-5.77111415144e+38,-6.64034815262e+36,1
1284,-9.87072754531e+35,-5.18549540095e+33,1
1285,-5.61305522142e+39,-1.03893122403e+32,1
1286,-9.63201489493e+35,-3.59313578013e+39,0
1287,-8.14910080108e+28,-3.53110750431e+33,0
1288,-1.70803096201e+38,-4.33561735816e+37,1
1289,-1.77842105985e+35,-4.37019007807e+29,1
1290,-3.0220568057e+35,-2.08497502677e+35,1
1291,-7.91705895577e+33,-1.95287782542e+37,0
1292,-1.46926432299e+34,-1.5968885317e+36,0
1293,-6.65167386397e+30,-1.96862498702e+36,0
1294,-2.84723604516e+37,-7.05902215247e+36,1
1295,-2.43770171843e+34,-1.34465333853e+37,0
1296,-2.26570465177e+36,-3.20964065705e+37,0
1297,-2.23041892931e+39,-1.88787554547e+34,1
1298,-1.08223235445e+39,-5.34587933966e+38,1
1299,-6.50233650646e+33,-4.88629510782e+37,0
1300,-1.46088357574e+35,-3.56371964879e+35,0
1301,-4.27568600752e+36,-7.39793949477e+37,0
1302,-1.32656860621e+39,-2.94287122968e+40,0
1303,-1.18039455671e+32,-6.46549930248e+34,0
1304,-5.98151443234e+38,-1.77867148374e+38,1
1305,-2.20992135165e+28,-1.68028058965e+31,0
1306,-6.50290539798e+39,-5.48058933894e+34,1
1307,-3.95530829379e+34,-1.29807619622e+35,0
1308,-5.78983805078e+31,-5.44940233584e+36,0
1309,-6.30067339102e+38,-4.34164675719e+35,1
1310,-1.88611692154e+39,-1.44906345231e+37,1
1311,-4.07097472084e+38,-8.39705124445e+36,1
1312,-1.7377546331e+38,-1.58118686276e+37,1
1313,-3.29273995746e+35,-1.94359969866e+36,0
1314,-1.10273701498e+35,-2.83855540173e+32,1
1315,-2.47794112443e+40,-6.00344533623e+38,1
1316,-4.80558495129e+35,-3.1207416457e+35,1
1317,-2.04963086503e+36,-1.00702158731e+36,1
1318,-8.42906525804e+39,-6.50713434509e+40,0
1319,-1.78762270748e+37,-2.70849362397e+36,1
1320,-3.3579394329e+37,-2.16770405153e+35,1
1321,-2.75902619275e+33,-2.32606477383e+32,1
1322,-1.99005251684e+36,-8.31214289485e+36,0
1323,-1.91991964066e+33,-1.45305664037e+38,0
1324,-6.50364239328e+33,-5.46041548672e+34,0
1325,-8.06441319014e+34,-1.018755522e+35,0
1326,-7.48264011935e+40,-5.60083011693e+38,1
1327,-3.20795517804e+31,-4.87090560436e+32,0
1328,-6.75352720181e+38,-1.29949710203e+37,1
1329,-2.00174477124e+36,-5.97799523865e+30,1
1330,-6.44925534218e+30,-1.0161057319e+35,0
1331,-1.24391188306e+37,-1.08497216232e+33,1
1332,-2.08670540216e+30,-2.24184418093e+32,0
1333,-4.66335888007e+33,-9.52836758187e+33,0
1334,-3.74340518487e+40,-2.9981815743e+40,1
1335,-1.98170734941e+41,-2.1718735126e+38,1
1336,-5.580042003e+32,-6.48207171636e+33,0
1337,-4.73464931744e+35,-3.77544127347e+33,1
1338,-2.70814079851e+36,-1.19583458856e+34,1
1339,-8.86175971572e+39,-9.59596152755e+37,1
1340,-6.69151310677e+35,-2.92084631542e+32,1
1341,-4.41837714811e+37,-1.03310354869e+37,1
1342,-1.02957312956e+36,-2.18534656799e+35,1
1343,-7.61088114227e+39,-2.92230555074e+37,1
1344,-1.69440249997e+33,-3.4210673622e+38,0
1345,-3.34524678172e+38,-3.36363357253e+33,1
1346,-1.05558917987e+36,-2.46290357951e+40,0
1347,-1.29548703961e+38,-1.27358245566e+41,0
1348,-1.16434006428e+36,-4.24543933191e+38,0
1349,-5.67125990051e+36,-2.91523115098e+35,1
1350,-1.75707711726e+36,-4.66779965163e+39,0
1351,-7.997588023e+27,-1.02801957893e+32,0
1352,-3.82990541096e+32,-2.37277703992e+29,1
1353,-8.31720678621e+32,-2.87218569576e+34,0
1354,-1.60954773168e+36,-5.2859162713e+35,1
1355,-1.12869102721e+37,-3.01714470871e+36,1
1356,-1.22226281505e+41,-2.24185948246e+35,1
1357,-4.39859837308e+40,-1.97923664303e+36,1
1358,-1.82262149954e+38,-1.2845392938e+36,1
1359,-2.27755045764e+40,-6.68681171997e+36,1
1360,-1.52881692297e+39,-1.98302155475e+32,1
1361,-1.01215892253e+40,-8.59743571228e+37,1
1362,-1.17111645723e+36,-9.0699902114e+37,0
1363,-2.54990781871e+33,-2.41520702489e+38,0
1364,-1.15109232821e+30,-3.86707703817e+33,0
1365,-2.97068640977e+44,-1.0570515687e+43,1
1366,-3.03494148747e+36,-1.75166922966e+34,1
1367,-8.77820764452e+37,-1.46911937483e+38,0
1368,-5.42058625806e+35,-1.33110748943e+34,1
1369,-1.73636648586e+40,-2.12219511094e+38,1
1370,-4.4626198959e+32,-1.23758090515e+38,0
1371,-7.58490569533e+33,-1.16381128678e+35,0
1372,-1.36642014066e+38,-1.13951716464e+36,1
1373,-8.99809690472e+38,-2.58698861094e+42,0
1374,-4.61472944275e+26,-2.04484759259e+36,0
1375,-4.71996066842e+32,-9.3906479866e+31,1
1376,-6.58262276728e+26,-4.13761795606e+27,0
1377,-2.51682313128e+29,-3.855824629e+34,0
1378,-1.41738476122e+36,-5.96167922337e+38,0
1379,-3.98082733549e+29,-7.9897321308e+24,1
1380,-3.55422095173e+37,-3.05788451794e+39,0
1381,-4.77724373979e+40,-7.43811528415e+37,1
1382,-1.87709104689e+38,-1.03084830495e+39,0
1383,-1.94798802693e+35,-1.42488762994e+35,1
1384,-2.5456703928e+33,-9.22122001016e+29,1
1385,-2.01860984439e+35,-7.24533007974e+36,0
1386,-1.27644283414e+33,-2.00584364435e+35,0
1387,-7.02856547721e+37,-8.32006781231e+35,1
1388,-1.233575941e+34,-2.99805181268e+35,0
1389,-1.0651338548e+36,-7.21930380609e+33,1
1390,-6.87990224953e+32,-5.49058945654e+35,0
1391,-1.24534098041e+35,-1.12820272957e+33,1
1392,-3.42228406552e+31,-3.22452063624e+30,1
1393,-3.38091869423e+34,-8.58365083031e+35,0
1394,-7.103828532e+34,-3.35132885229e+32,1
1395,-3.93880150584e+38,-1.50265983923e+34,1
1396,-5.23556086395e+37,-1.61265172107e+36,1
1397,-2.79418144238e+37,-4.53083775182e+35,1
1398,-4.8995473795e+24,-4.91257573862e+33,0
1399,-3.99624827654e+31,-2.42101846653e+33,0
1400,-3.68240649782e+35,-1.69751425597e+35,1
1401,-8.05936149357e+36,-5.55341226637e+34,1
1402,-2.22728227051e+34,-2.33655619208e+38,0
1403,-8.84291679474e+36,-8.04455470149e+37,0
1404,-3.19928249844e+35,-7.60184343162e+33,1
1405,-1.33359316233e+39,-4.74615566967e+40,0
1406,-1.70111073052e+40,-5.26808909722e+36,1
1407,-6.66693237671e+39,-2.83152527601e+39,1
1408,-5.69019597495e+28,-3.34369775223e+32,0
1409,-1.02801719151e+37,-2.39590663392e+39,0
1410,-4.21120707879e+34,-3.34282313964e+34,1
1411,-3.14693626486e+40,-8.60521207114e+39,1
1412,-1.21554167939e+33,-1.07540206804e+38,0
1413,-5.52510570977e+43,-1.92783200027e+42,1
1414,-2.08122608251e+39,-1.37543122782e+41,0
1415,-1.81429835046e+33,-1.70408222149e+37,0
1416,-7.46618874809e+33,-2.31002010409e+38,0
1417,-2.72435435134e+37,-4.70764257072e+29,1
1418,-5.58468955292e+37,-1.5952280557e+34,1
1419,-5.79295071054e+36,-3.16770054993e+36,1
1420,-1.12644355666e+36,-1.1327751629e+36,0
1421,-2.3117654314e+36,-3.08515995572e+29,1
1422,-1.41467185741e+37,-2.7653371098e+34,1
1423,-4.74780145774e+34,-4.74530911037e+38,0
1424,-8.70564645774e+32,-1.32203274215e+39,0
1425,-1.92870614408e+39,-4.62282910338e+34,1
1426,-1.91621269779e+34,-1.15275294139e+34,1
1427,-7.54300245011e+33,-6.67753931433e+30,1
1428,-1.79710879864e+38,-2.16792536178e+37,1
1429,-3.42441254528e+33,-2.00164593592e+39,0
1430,-4.72202223593e+37,-6.56322982375e+31,1
1431,-8.07601167291e+34,-5.21761655789e+35,0
1432,-1.56172065438e+35,-2.10545038506e+33,1
1433,-5.39364695052e+37,-7.33835022769e+38,0
1434,-1.04698593848e+29,-6.10815769993e+31,0
1435,-2.0924573707e+31,-2.7345289317e+38,0
1436,-2.64867471574e+36,-2.28293125533e+34,1
1437,-3.36250118158e+32,-1.71260898853e+36,0
1438,-2.55610546724e+33,-7.16722679139e+30,1
1439,-1.4353960104e+38,-1.58358711441e+37,1
1440,-4.04226386228e+36,-2.87581801103e+35,1
1441,-2.31706465648e+39,-4.08363232629e+36,1
1442,-3.68151008975e+37,-1.70250616094e+32,1
1443,-4.44216596781e+35,-4.21079688302e+34,1
1444,-2.89631121581e+35,-3.72762924899e+39,0
1445,-1.33910904602e+40,-6.59054054263e+39,1
1446,-1.19580999546e+41,-8.48563400842e+38,1
1447,-2.67812613779e+41,-2.00322135155e+38,1
1448,-1.25182788824e+38,-7.19416571759e+37,1
1449,-4.17822739006e+40,-1.9704651869e+33,1
1450,-2.20590003831e+35,-1.5321408843e+39,0
1451,-2.45770999525e+33,-2.6502688454e+35,0
1452,-3.43849773189e+35,-3.89785384281e+36,0
1453,-5.85059519436e+38,-4.6587473634e+38,1
1454,-5.679839733e+33,-3.83890185247e+36,0
1455,-3.01920942692e+38,-6.42257526308e+39,0
1456,-2.06249619993e+43,-3.40381383176e+39,1
1457,-8.01921736367e+30,-6.42892223183e+33,0
1458,-6.94067888379e+36,-7.12839817167e+35,1
1459,-3.49507957235e+34,-1.81908363999e+35,0
1460,-8.41509997154e+39,-1.67853599628e+37,1
1461,-6.55141232695e+32,-6.41575095515e+33,0
1462,-1.63899910732e+39,-1.37690211237e+39,1
1463,-3.59020856732e+42,-4.7441333669e+42,0
1464,-1.80447040012e+31,-3.20982663814e+31,0
1465,-6.92057679088e+30,-5.29903895102e+34,0
1466,-1.90711225947e+37,-5.23320042414e+39,0
1467,-1.23608333807e+35,-2.92405184341e+39,0
1468,-4.95487251764e+41,-9.01174608379e+41,0
1469,-7.28459688343e+36,-6.16113292651e+36,1
1470,-1.02225404518e+36,-5.28435288646e+36,0
1471,-8.28447609907e+33,-5.3285711479e+31,1
1472,-1.82301998273e+37,-4.34943823001e+35,1
1473,-4.44661137214e+35,-4.31971935394e+33,1
1474,-2.65856421776e+34,-1.71101264723e+32,1
1475,-2.03377430703e+41,-1.02309221811e+43,0
1476,-4.08126726381e+36,-1.67978011923e+33,1
1477,-2.01066713146e+34,-8.77344995151e+36,0
1478,-2.59464055513e+33,-3.40056203181e+33,0
1479,-2.95621598719e+35,-3.21631448046e+35,0
1480,-4.10784612501e+30,-2.74862058873e+33,0
1481,-1.33208132012e+31,-4.11214874422e+35,0
1482,-1.77726910268e+37,-1.73136580636e+33,1
1483,-2.93960953444e+35,-2.43144562573e+34,1
1484,-2.43859214557e+38,-1.01381230547e+34,1
1485,-2.9377249953e+37,-3.90923257812e+37,0
1486,-1.58578366046e+31,-1.9318768253e+36,0
1487,-1.94329111615e+33,-1.97944259796e+34,0
1488,-6.66256038242e+35,-2.88460918086e+31,1
1489,-9.66959737541e+32,-3.30660947589e+33,0
1490,-3.51405818502e+32,-6.56298599923e+29,1
1491,-4.80794556908e+36,-1.23179812894e+33,1
1492,-6.06849795764e+35,-1.05607098482e+33,1
1493,-4.15624432404e+30,-1.41486235114e+35,0
1494,-6.29460465803e+33,-2.99459164513e+37,0
1495,-1.7965453994e+32,-2.79096791536e+30,1
1496,-2.22432815991e+35,-9.56674822956e+39,0
1497,-9.31596099053e+36,-4.22332136808e+33,1
1498,-1.06530187346e+30,-1.39591317907e+35,0
1499,-7.65343603361e+30,-3.34455130361e+26,1
1500,-1.07820520277e+37,-3.64720542072e+34,1
1501,-1.0934723059e+35,-4.17269336606e+32,1
1502,-1.99068034286e+35,-8.5222435109e+34,1
1503,-1.66097214699e+33,-9.44992361178e+27,1
1504,-7.41915714195e+36,-2.71956911771e+37,0
1505,-3.23352586672e+36,-7.59669708949e+37,0
1506,-1.26184915224e+37,-1.7566069058e+37,0
1507,-1.88550709475e+38,-1.40768680954e+31,1
1508,-1.15226730438e+28,-5.35350708388e+36,0
1509,-6.06518707814e+34,-3.15375867278e+30,1
1510,-3.94788100578e+40,-8.3800192683e+37,1
1511,-1.12367599826e+36,-1.19893010002e+35,1
1512,-7.70196295693e+37,-2.608943699e+36,1
1513,-4.98095957432e+40,-1.0767918202e+37,1
1514,-5.1499341551e+35,-2.86975174722e+37,0
1515,-2.05884481742e+36,-1.32010930204e+35,1
1516,-1.8944815704e+34,-4.3265741665e+34,0
1517,-5.55831686345e+34,-1.93726299719e+32,1
1518,-6.21863419406e+32,-1.44998546838e+32,1
1519,-1.56042093165e+30,-9.66024611155e+32,0
1520,-2.673802711e+40,-1.60409045784e+34,1
1521,-1.30894370633e+26,-4.4750063953e+34,0
1522,-7.67540322939e+35,-1.51051755235e+36,0
1523,-2.72657706061e+34,-2.72389183934e+39,0
1524,-5.86779689197e+31,-1.23142905284e+28,1
1525,-1.93133165311e+35,-3.93473729462e+35,0
1526,-5.63119534968e+33,-1.53308833443e+32,1
1527,-8.81309220616e+36,-4.15762935546e+33,1
1528,-9.2385256717e+36,-8.02331582581e+33,1
1529,-1.33306607498e+33,-2.85272566983e+35,0
1530,-3.92083682546e+35,-1.02296245394e+34,1
1531,-1.98885484954e+39,-3.40433674399e+43,0
1532,-2.07003217314e+40,-2.22837174885e+40,0
1533,-8.35637811821e+33,-2.06017288092e+34,0
1534,-9.4143530336e+34,-2.5314286927e+36,0
1535,-1.29386312193e+39,-1.15578805019e+37,1
1536,-1.97955042188e+41,-1.85424800434e+38,1
1537,-4.35585791196e+35,-5.65148409259e+31,1
1538,-2.12937188991e+35,-7.66770786292e+37,0
1539,-2.55993794062e+39,-3.7025350985e+38,1
1540,-1.52638800361e+35,-1.1048955698e+24,1
1541,-1.22818307344e+35,-1.1288632988e+37,0
1542,-8.27013822871e+35,-2.31322214374e+32,1
1543,-9.67839890113e+37,-1.87176216604e+33,1
1544,-1.32826165733e+35,-1.73522748499e+27,1
1545,-6.44538129053e+36,-6.11718123843e+31,1
1546,-2.19363535838e+37,-1.84953892231e+34,1
1547,-1.01304037694e+33,-7.7378447511e+34,0
1548,-1.08839982478e+34,-8.8518495793e+37,0
1549,-8.46227322206e+33,-4.74391888353e+30,1
1550,-3.98084129155e+39,-2.43360854948e+39,1
1551,-1.99410294438e+38,-1.44326194817e+38,1
1552,-2.58204298192e+36,-3.74566703067e+36,0
1553,-5.40431012126e+34,-1.35721447705e+35,0
1554,-4.16731270671e+34,-1.78034370267e+33,1
1555,-1.13266988568e+31,-5.20130990913e+30,1
1556,-1.69386664935e+36,-2.53234258073e+35,1
1557,-1.9313175253e+42,-1.1206007233e+37,1
1558,-1.47298357738e+27,-7.17373230434e+34,0
1559,-1.13439489844e+37,-5.99756759994e+35,1
1560,-1.01260883979e+37,-1.72964436406e+30,1
1561,-4.1658233203e+36,-9.11154146888e+38,0
1562,-3.5540460458e+37,-4.93497119934e+38,0
1563,-2.77896994134e+35,-8.09850136942e+34,1
1564,-6.90867960383e+26,-9.19544434502e+29,0
1565,-1.74657640364e+30,-9.81871151672e+32,0
1566,-8.31198136845e+30,-1.84835587596e+29,1
1567,-1.60112273832e+34,-9.45440053949e+34,0
1568,-1.16112973068e+35,-6.84585958396e+31,1
1569,-1.08626206728e+39,-2.27304219181e+37,1
1570,-2.80582768422e+37,-4.11649072209e+38,0
1571,-2.36952770206e+34,-1.05985187812e+36,0
1572,-2.69641918172e+34,-5.69325691303e+35,0
1573,-5.22402278047e+34,-3.16086627351e+35,0
1574,-1.5126272277e+39,-1.31791944542e+35,1
1575,-1.94229638083e+36,-9.79388715387e+33,1
1576,-3.43982498045e+32,-2.91479849554e+30,1
1577,-3.69339287141e+40,-2.82641989574e+39,1
1578,-3.58069955853e+38,-3.19766780734e+38,1
1579,-8.14256963507e+41,-1.24125586606e+40,1
1580,-5.68988087015e+39,-1.04619841657e+36,1
1581,-3.92689370502e+32,-1.07430601689e+35,0
1582,-2.26290162226e+34,-1.04912647668e+36,0
1583,-4.90140571152e+30,-8.07892768372e+34,0
1584,-2.22719692892e+35,-1.85234222635e+34,1
1585,-1.19143411065e+37,-7.07364638548e+37,0
1586,-4.19653501184e+38,-3.75857756513e+34,1
1587,-6.82113554559e+32,-1.94907907127e+30,1
1588,-3.79636103647e+37,-5.92236814214e+37,0
1589,-2.34263098257e+31,-1.76043275146e+35,0
1590,-6.58311509471e+36,-5.29870323154e+35,1
1591,-5.19130996079e+32,-3.04572458864e+28,1
1592,-5.10162984878e+39,-3.98324588923e+38,1
1593,-3.38953003332e+39,-3.02729183589e+36,1
1594,-1.35286981813e+36,-1.1314816117e+36,1
1595,-1.45449551837e+34,-1.8522555905e+36,0
1596,-7.7022768165e+39,-2.67777647394e+39,1
1597,-2.1265307759e+41,-1.37372262952e+42,0
1598,-4.997701336e+36,-1.17820031108e+41,0
1599,-7.4211408222e+31,-9.51905069182e+35,0
1600,-5.40310494209e+34,-1.93546202449e+34,1
1601,-2.84878492216e+35,-4.30836580428e+37,0
1602,-6.05621338091e+35,-7.63055632046e+36,0
1603,-2.62318667757e+37,-2.27346088934e+36,1
1604,-1.95283676297e+34,-5.14748012026e+31,1
1605,-3.19610110951e+32,-1.81789792227e+39,0
1606,-2.32447974312e+39,-9.73307374168e+34,1
1607,-2.23254679713e+35,-5.17342854446e+35,0
1608,-2.49063154533e+31,-2.37456282105e+38,0
1609,-9.72390122155e+41,-3.81213521847e+40,1
1610,-1.22403441469e+39,-6.21248319138e+35,1
1611,-1.2226023523e+38,-4.38164389603e+38,0
1612,-4.1655126332e+37,-3.00064978919e+36,1
1613,-7.78557041596e+39,-4.57867073419e+38,1
1614,-7.17503384181e+32,-5.79451205184e+31,1
1615,-5.64806909229e+38,-6.54297612895e+35,1
1616,-1.27480596952e+40,-1.45986815035e+41,0
1617,-9.24233081602e+37,-8.24868466855e+38,0
1618,-9.03791866104e+38,-3.64443529216e+38,1
1619,-1.07036026808e+41,-1.09574229881e+38,1
1620,-4.29962633543e+37,-4.21428368648e+36,1
1621,-1.84290701116e+34,-1.71619371908e+34,1
1622,-5.80950661079e+36,-8.28002036984e+33,1
1623,-1.40924471319e+28,-6.21234717239e+35,0
1624,-3.61452232093e+37,-1.36348079613e+33,1
1625,-2.75515261991e+43,-7.78323108652e+35,1
1626,-1.15053505257e+39,-1.04234744321e+38,1
1627,-3.46790076681e+39,-8.43667138676e+30,1
1628,-1.05197882648e+36,-1.68073611164e+33,1
1629,-1.21638455025e+38,-2.90446933938e+36,1
1630,-3.44659090214e+36,-2.40979625542e+36,1
1631,-1.1297208385e+34,-1.29212784991e+37,0
1632,-5.8636133291e+33,-3.30654235543e+33,1
1633,-5.25391429862e+34,-3.99199171656e+37,0
1634,-2.78587902027e+35,-1.33757532037e+33,1
1635,-4.08065686416e+32,-4.48590716604e+35,0
1636,-1.51547339701e+32,-9.49061205346e+35,0
1637,-5.43755982906e+33,-3.50079305705e+36,0
1638,-3.69603890405e+38,-4.6359482932e+36,1
1639,-1.03887754232e+34,-1.88791761742e+35,0
1640,-5.10643267437e+35,-1.51905749404e+30,1
1641,-7.38847963923e+37,-9.79968436208e+33,1
1642,-1.42090756328e+37,-6.9290107942e+33,1
1643,-3.40468905954e+34,-3.81499792376e+32,1
1644,-2.13032056808e+34,-3.89702434801e+36,0
1645,-1.22427972902e+39,-2.85363981866e+36,1
1646,-4.27650002888e+32,-2.92662354515e+33,0
1647,-1.16690987959e+40,-2.97811116865e+42,0
1648,-6.83973763933e+36,-1.06677405324e+38,0
1649,-1.66439538853e+35,-1.46432535082e+33,1
1650,-4.57672677571e+40,-1.1574813285e+40,1
1651,-4.59819116584e+36,-1.89300603244e+35,1
1652,-1.22436400574e+36,-1.13424476407e+34,1
1653,-4.07633424659e+36,-2.21382727968e+30,1
1654,-7.46190516002e+36,-4.10650418389e+34,1
1655,-5.01152422467e+33,-6.3689225461e+32,1
1656,-8.53958618982e+37,-2.84141148611e+37,1
1657,-2.27988899351e+32,-6.70574185455e+32,0
1658,-8.06324709282e+37,-1.5447349053e+38,0
1659,-1.3703723684e+36,-4.97681993552e+31,1
1660,-3.70236294241e+33,-9.91409922541e+29,1
1661,-1.7358424326e+35,-2.51598438717e+36,0
1662,-3.19176192553e+29,-1.64660290965e+36,0
1663,-6.10871273798e+40,-7.76640843879e+39,1
1664,-8.0979107018e+39,-7.97979639355e+37,1
1665,-2.20556034582e+38,-1.57934582393e+37,1
1666,-9.92513775235e+36,-1.72869919784e+39,0
1667,-1.78218437276e+35,-1.15418944726e+31,1
1668,-3.77508417308e+31,-9.82314254361e+28,1
1669,-5.43172616059e+35,-6.84583748552e+36,0
1670,-7.82886593466e+34,-3.35143081793e+31,1
1671,-2.10715248789e+38,-9.00573352481e+39,0
1672,-5.74925573616e+40,-1.83731104911e+39,1
1673,-3.79759624701e+40,-2.56759180905e+38,1
1674,-3.46714043023e+32,-1.73748487723e+37,0
1675,-3.42592957947e+30,-7.08920786462e+32,0
1676,-1.4193402116e+36,-2.34482690007e+38,0
1677,-3.20507707343e+37,-3.75977572378e+33,1
1678,-2.6188300359e+42,-1.64676779564e+39,1
1679,-9.76231226686e+31,-5.20104566441e+34,0
1680,-4.57738024039e+33,-9.42072932594e+29,1
1681,-5.35969561156e+33,-3.56039024902e+30,1
1682,-4.89435929545e+36,-3.67469721689e+35,1
1683,-1.29274503255e+35,-7.51154320916e+33,1
1684,-4.02500759091e+40,-6.05064294604e+37,1
1685,-9.80752924885e+34,-1.84879643671e+29,1
1686,-9.78314535779e+40,-4.53912027363e+38,1
1687,-4.39747017654e+33,-3.18208310358e+39,0
1688,-6.58916879685e+32,-7.79010370457e+30,1
1689,-2.43165488735e+32,-2.63573629027e+35,0
1690,-1.89850827418e+39,-1.25579489204e+36,1
1691,-8.09553330498e+36,-1.09017807178e+39,0
1692,-2.60181139054e+34,-2.43364154367e+31,1
1693,-8.0282225979e+36,-3.04429039287e+37,0
1694,-1.01202071077e+37,-2.91523018383e+34,1
1695,-5.69502635409e+34,-2.76443238794e+36,0
1696,-1.51374335201e+38,-3.21138272288e+30,1
1697,-6.18474327545e+38,-3.33329643455e+35,1
1698,-3.20220942437e+35,-8.63188906442e+30,1
1699,-4.79652783649e+35,-8.25479917611e+29,1
1700,-2.39860330457e+38,-2.69414079169e+38,0
1701,-1.08707444772e+39,-6.4295919791e+33,1
1702,-6.68892347042e+39,-2.45147562254e+33,1
1703,-1.87892556509e+37,-1.51951439769e+36,1
1704,-1.55386839402e+33,-1.44698230717e+38,0
1705,-3.30838850081e+34,-5.8693731028e+32,1
1706,-9.73779133394e+37,-1.43800200533e+40,0
1707,-3.55815869221e+31,-1.28261812909e+33,0
1708,-5.53432634711e+39,-4.84729899972e+39,1
1709,-5.54300701974e+31,-1.47512424329e+32,0
1710,-4.21779183626e+30,-1.88270636402e+32,0
1711,-6.72766747731e+36,-1.22119402128e+36,1
1712,-1.97092362079e+39,-2.82425850539e+36,1
1713,-1.4199016395e+35,-4.34731359396e+33,1
1714,-1.31848389816e+40,-2.77370977929e+38,1
1715,-5.38515985231e+37,-1.58932595069e+32,1
1716,-1.19128095816e+37,-4.31278543189e+37,0
1717,-6.8840388566e+26,-5.37455037394e+32,0
1718,-9.659184417e+34,-1.75423106081e+33,1
1719,-1.0360824095e+39,-8.48248464075e+34,1
1720,-1.92696527824e+38,-2.61524431483e+37,1
1721,-5.91956161564e+31,-3.89681317746e+33,0
1722,-2.2025678178e+39,-4.52472737024e+36,1
1723,-3.37382854481e+34,-4.18829120125e+33,1
1724,-4.93017269532e+36,-1.20925984466e+30,1
1725,-2.01313175645e+28,-4.02956832179e+27,1
1726,-1.43873169378e+41,-1.69666707455e+37,1
1727,-5.79582167499e+37,-9.86369465045e+29,1
1728,-3.03597592584e+38,-3.76409633918e+32,1
1729,-1.21958878186e+38,-5.1396106557e+31,1
1730,-4.09413050215e+36,-2.67468939204e+34,1
1731,-2.40904171375e+36,-3.7381023356e+33,1
1732,-3.85911278274e+32,-1.50325624996e+32,1
1733,-2.29722560423e+35,-2.40727631913e+34,1
1734,-3.53426373186e+34,-1.80391987989e+30,1
1735,-7.72904913322e+36,-2.21257141353e+37,0
1736,-4.33995178113e+36,-6.27289689319e+29,1
1737,-9.78133972171e+30,-3.19807548272e+37,0
1738,-2.26091367418e+39,-2.25300594587e+32,1
1739,-3.05650803284e+37,-1.34590323065e+32,1
1740,-3.34128833571e+37,-3.20355861094e+31,1
1741,-1.88376982728e+37,-5.46789164451e+36,1
1742,-3.30185181305e+34,-3.75719071277e+34,0
1743,-2.00536623357e+33,-7.2065597056e+37,0
1744,-6.83027993126e+32,-5.20903339615e+30,1
1745,-3.08637505967e+40,-8.02585658931e+37,1
1746,-8.52816059133e+35,-1.06737953653e+37,0
1747,-3.87884989651e+36,-4.1244009123e+36,0
1748,-2.47763110477e+39,-3.48934070457e+35,1
1749,-1.32430117763e+34,-1.60003845137e+35,0
1750,-9.41530449774e+35,-7.99333677657e+36,0
1751,-1.05447088698e+40,-2.25729721369e+35,1
1752,-3.8515080422e+31,-6.32898336274e+34,0
1753,-4.86611812317e+36,-1.55012870072e+38,0
1754,-6.08860231125e+34,-7.47080787223e+35,0
1755,-1.32257151324e+33,-2.27106078396e+29,1
1756,-1.63660780319e+39,-2.9035348898e+36,1
1757,-2.24106297541e+35,-1.92583578754e+32,1
1758,-1.46108960772e+34,-8.21974039366e+32,1
1759,-5.2118474321e+35,-6.44634487857e+30,1
1760,-4.959921064e+30,-5.56809951114e+37,0
1761,-4.37807529117e+36,-1.13945548442e+34,1
1762,-2.01959941142e+32,-9.8877901308e+29,1
1763,-8.20251785314e+36,-8.91602221855e+34,1
1764,-1.47661709587e+37,-1.76520487315e+35,1
1765,-1.28295618248e+34,-9.74325604537e+30,1
1766,-1.13265620625e+37,-8.54880665217e+34,1
1767,-1.90542204484e+32,-5.71753438841e+34,0
1768,-2.9816472854e+38,-6.56704208099e+27,1
1769,-4.22449211425e+39,-4.66623438282e+36,1
1770,-4.47751781036e+31,-8.80468978939e+33,0
1771,-8.23597862563e+34,-3.75742421657e+36,0
1772,-6.69096839366e+35,-7.6982630673e+33,1
1773,-1.73928035545e+38,-8.0678036227e+38,0
1774,-8.89767320864e+35,-6.6857548551e+31,1
1775,-8.94946620167e+30,-9.5587062865e+27,1
1776,-2.96881582373e+41,-9.78422388443e+40,1
1777,-2.10713102156e+35,-1.82994027101e+32,1
1778,-2.93413642531e+38,-2.42681210556e+36,1
1779,-3.47612372138e+38,-4.82142656248e+38,0
1780,-3.34808222986e+31,-1.55125482442e+33,0
1781,-1.1730521862e+34,-1.16736270909e+33,1
1782,-5.58193566715e+36,-3.59782783293e+34,1
1783,-1.03654875342e+38,-5.64010428702e+35,1
1784,-7.49808383897e+32,-5.10610976812e+35,0
1785,-1.27808744119e+39,-3.62082065101e+36,1
1786,-5.37563788767e+29,-3.69271278043e+33,0
1787,-1.39801593443e+36,-2.64463978386e+37,0
1788,-8.21103873907e+34,-1.64616790649e+27,1
1789,-1.20144314472e+37,-5.84234710475e+36,1
1790,-1.13195989732e+34,-1.70321168757e+36,0
1791,-1.37783358098e+32,-1.48907361031e+36,0
1792,-2.09359778925e+34,-4.16260323259e+35,0
1793,-4.39494620684e+32,-1.54112707218e+34,0
1794,-1.88154289631e+29,-3.63190783047e+30,0
1795,-3.86553101194e+34,-6.59328186493e+29,1
1796,-6.23664138711e+35,-3.23786209299e+30,1
1797,-4.48160447994e+37,-3.25897866573e+32,1
1798,-6.01292324712e+36,-3.42022673355e+30,1
1799,-2.47541043728e+36,-7.52727118226e+34,1
1800,-7.11500032179e+34,-2.92582382735e+22,1
1801,-8.65420317074e+37,-7.90049634089e+36,1
1802,-6.40917108589e+38,-1.73512730262e+34,1
1803,-5.2247695116e+33,-3.04225207626e+32,1
1804,-6.94586340135e+36,-3.86577667426e+36,1
1805,-6.29666318347e+37,-4.00386920539e+33,1
1806,-4.43110879652e+31,-1.34280049249e+34,0
1807,-1.93465240193e+40,-8.04276215317e+36,1
1808,-2.56915781668e+34,-1.08975199842e+33,1
1809,-1.9926979786e+38,-4.55865145909e+36,1
1810,-1.61600936624e+32,-2.84752309528e+35,0
1811,-1.05229854539e+35,-6.97542840866e+37,0
1812,-3.97724504659e+31,-3.6518687505e+33,0
1813,-1.46094997848e+35,-5.9215423859e+32,1
1814,-4.16437579054e+34,-2.51346007944e+34,1
1815,-1.08792611469e+36,-6.00351774837e+35,1
1816,-8.30233411594e+35,-3.02527335829e+38,0
1817,-1.43823830447e+41,-4.50451282821e+36,1
1818,-1.64381102208e+33,-1.18006301091e+36,0
1819,-4.10647705736e+40,-5.57225622975e+35,1
1820,-1.72399015012e+34,-2.53315088114e+35,0
1821,-1.11115061142e+35,-1.96732491738e+38,0
1822,-1.59816419223e+37,-1.36301592273e+38,0
1823,-4.87749778683e+42,-2.59874396763e+40,1
1824,-2.19068140159e+41,-4.96532460682e+36,1
1825,-4.28568697139e+36,-1.4516949783e+33,1
1826,-1.41105547634e+35,-2.21310910451e+34,1
1827,-2.0986598665e+36,-5.16455525854e+37,0
1828,-7.48848517312e+39,-6.55127216481e+37,1
1829,-1.63607928824e+37,-3.45717287238e+35,1
1830,-3.4133847788e+32,-1.93669016455e+37,0
1831,-1.03629477744e+35,-8.28701527906e+35,0
1832,-8.19053872004e+40,-2.01853548725e+39,1
1833,-1.01157568361e+35,-3.4346263154e+36,0
1834,-1.70972540294e+37,-3.8182885173e+34,1
1835,-7.61752353772e+36,-1.25174769811e+38,0
1836,-1.82658129536e+38,-7.5720042855e+31,1
1837,-9.84908339755e+36,-1.7925088354e+28,1
1838,-6.36694907378e+42,-1.10227629827e+39,1
1839,-2.1659268141e+40,-9.76128980382e+38,1
1840,-1.28159324458e+36,-1.59933437874e+41,0
1841,-6.67216073023e+35,-2.7479719317e+35,1
1842,-1.121025069e+40,-2.99158436022e+42,0
1843,-2.10847548326e+36,-9.51881359509e+33,1
1844,-2.82044486058e+37,-1.55209730732e+37,1
1845,-5.0903230856e+35,-3.65624165682e+31,1
1846,-2.74271406271e+39,-1.21883020892e+39,1
1847,-9.62775183466e+38,-4.96372608576e+39,0
1848,-7.09814108763e+34,-2.1596057052e+35,0
1849,-3.92422154102e+31,-1.58033267781e+34,0
1850,-8.74735688454e+37,-3.24899788412e+38,0
1851,-9.74047949883e+34,-9.77240941148e+31,1
1852,-6.14375489726e+32,-1.76562950361e+37,0
1853,-4.63919599076e+34,-3.97782858834e+35,0
1854,-1.96309604955e+38,-4.5936180766e+36,1
1855,-3.09173418982e+38,-5.22932569309e+40,0
1856,-2.73290178281e+34,-2.22967634351e+34,1
1857,-3.64360084832e+36,-1.69536165451e+31,1
1858,-2.58944512871e+36,-6.08086306811e+36,0
1859,-1.42625248936e+40,-2.87888369485e+34,1
1860,-3.77119599938e+27,-9.00257806504e+33,0
1861,-1.88749614984e+36,-8.05498561905e+38,0
1862,-4.18043719477e+38,-1.83370241373e+35,1
1863,-2.33154247891e+32,-3.3337709895e+37,0
1864,-3.77626019036e+35,-7.63888663783e+37,0
1865,-9.84755003417e+36,-1.20475890312e+35,1
1866,-1.33577262881e+30,-2.08667269957e+35,0
1867,-3.56198444504e+41,-2.0910573572e+39,1
1868,-4.48387263803e+33,-4.57620425862e+37,0
1869,-3.0781229819e+30,-8.15722021446e+32,0
1870,-4.55533968931e+35,-2.58062593984e+31,1
1871,-4.22598953265e+37,-2.1582762108e+39,0
1872,-1.57026691296e+37,-3.53343548525e+31,1
1873,-1.98750877413e+29,-8.9794175941e+30,0
1874,-2.78113711074e+38,-6.23918858789e+32,1
1875,-4.2565328934e+38,-1.23207995326e+38,1
1876,-2.48577181855e+35,-7.12061346323e+32,1
1877,-2.12296334274e+34,-2.24547533375e+20,1
1878,-6.35609000533e+41,-1.05427277025e+37,1
1879,-2.04919950596e+37,-3.15564100991e+35,1
1880,-3.26621025955e+39,-2.62953583943e+31,1
1881,-3.21218085593e+37,-3.49543155786e+33,1
1882,-1.48159300954e+37,-1.23648593414e+35,1
1883,-1.34265303044e+36,-3.8271028205e+37,0
1884,-8.75645474199e+31,-5.93197482484e+29,1
1885,-2.52923509548e+35,-5.28320299608e+34,1
1886,-9.68842148324e+33,-2.99349288432e+35,0
1887,-1.74500785866e+39,-2.00858244361e+38,1
1888,-1.68677139755e+39,-5.58411370592e+36,1
1889,-3.18742384488e+32,-3.82739440832e+33,0
1890,-2.22180029504e+36,-1.00942793949e+36,1
1891,-6.63273993857e+35,-4.94842426513e+42,0
1892,-6.0935179076e+36,-1.07403100132e+37,0
1893,-4.07789264903e+34,-2.93074657747e+33,1
1894,-8.76986606343e+35,-1.96717292371e+38,0
1895,-5.77569177106e+35,-1.10865763379e+35,1
1896,-1.43745661507e+36,-1.27154122895e+38,0
1897,-2.5489324518e+36,-1.70573299117e+38,0
1898,-1.10706739858e+37,-5.11270293278e+34,1
1899,-4.1147454834e+34,-2.90425101652e+34,1
1900,-1.43101467194e+38,-1.19226133917e+39,0
1901,-1.7367525685e+34,-2.15617155699e+33,1
1902,-1.78460407794e+37,-2.23226536161e+38,0
1903,-3.87759420992e+39,-3.5239498628e+38,1
1904,-1.3843379304e+37,-5.99681078732e+28,1
1905,-5.44491716733e+33,-2.12314663046e+34,0
1906,-1.19319677034e+35,-2.0410693062e+34,1
1907,-1.6951853422e+41,-1.12788209627e+34,1
1908,-3.83433382576e+39,-2.79225488189e+31,1
1909,-2.70112728715e+37,-8.60848719277e+39,0
1910,-5.87022758366e+40,-1.0085117887e+38,1
1911,-1.00066479144e+38,-3.27518335595e+34,1
1912,-3.18356559773e+35,-9.23813760116e+36,0
1913,-5.31087806109e+35,-3.35837824954e+32,1
1914,-1.20034327257e+36,-1.43993619516e+35,1
1915,-1.23228526622e+33,-1.32115755034e+35,0
1916,-9.92270403987e+38,-1.11209826974e+37,1
1917,-6.76980168034e+36,-1.42206105015e+37,0
1918,-1.53830474719e+42,-1.40089049047e+35,1
1919,-9.23582380949e+37,-3.82553809731e+32,1
1920,-8.44735561644e+40,-8.35026840274e+40,1
1921,-2.20060857769e+37,-2.36156934668e+34,1
1922,-4.27449589046e+32,-2.45378846561e+32,1
1923,-2.30492845234e+38,-7.41610151764e+37,1
1924,-1.40357947413e+39,-1.08346649662e+40,0
1925,-2.53346363886e+39,-2.17139456693e+35,1
1926,-1.93375794467e+38,-5.45357948789e+38,0
1927,-6.56198752166e+34,-1.31302014289e+34,1
1928,-2.4279371112e+38,-2.85544380761e+30,1
1929,-3.26731545673e+30,-9.26801582187e+31,0
1930,-2.2779877603e+36,-3.63161076771e+31,1
1931,-2.26363654046e+34,-1.26905337535e+32,1
1932,-1.73742228707e+38,-1.12172906796e+37,1
1933,-1.18375688544e+33,-2.20901995374e+36,0
1934,-5.49859583343e+29,-4.38279895023e+34,0
1935,-3.57724702634e+35,-4.71685996915e+34,1
1936,-5.9402883302e+36,-1.35785278735e+38,0
1937,-2.2512935125e+36,-3.05282844458e+34,1
1938,-3.1490579354e+39,-2.38051934871e+34,1
1939,-3.99895782218e+36,-6.65787922568e+33,1
1940,-9.11631589119e+35,-4.75354136748e+36,0
1941,-2.0275816013e+38,-6.77719745921e+34,1
1942,-2.18684586987e+37,-2.75864718454e+36,1
1943,-4.99027738278e+36,-3.02864010065e+36,1
1944,-2.25429203059e+37,-6.06490308262e+35,1
1945,-3.37508712668e+33,-2.93753661613e+36,0
1946,-3.75772701079e+35,-1.46442988244e+32,1
1947,-5.04689808163e+35,-7.77746424391e+25,1
1948,-1.59339599414e+38,-1.45008795037e+35,1
1949,-4.9172047073e+34,-1.27945393088e+37,0
1950,-1.9442731657e+35,-1.4820245182e+33,1
1951,-6.3811227689e+38,-1.04945489862e+40,0
1952,-6.18249457089e+37,-9.76247858182e+37,0
1953,-1.38817871499e+35,-1.70039780075e+37,0
1954,-5.15916773133e+34,-2.51100959965e+31,1
1955,-1.60811657961e+34,-1.92465452577e+34,0
1956,-3.61883878662e+29,-4.97382558252e+28,1
1957,-7.29050966111e+36,-3.30132354923e+32,1
1958,-8.73823232816e+36,-1.06534593442e+35,1
1959,-2.75897607176e+36,-2.55293250035e+37,0
1960,-3.59619692949e+33,-4.85159291948e+31,1
1961,-2.28461731123e+38,-5.87530878492e+36,1
1962,-1.8974156033e+39,-1.19477146821e+35,1
1963,-2.00955377091e+38,-6.16329302391e+34,1
1964,-6.36500066535e+33,-5.19105129749e+34,0
1965,-1.04653883899e+31,-1.90524718916e+28,1
1966,-1.22111039134e+36,-8.92217851365e+27,1
1967,-4.97343591063e+41,-5.34063402963e+38,1
1968,-2.87834473421e+38,-9.71388031974e+35,1
1969,-2.15074324817e+40,-7.87361320285e+38,1
1970,-1.45649712391e+37,-1.90016681742e+37,0
1971,-5.6785751697e+33,-3.77347440315e+36,0
1972,-3.67271511933e+35,-1.5606597445e+38,0
1973,-3.82141412114e+38,-3.11137011514e+37,1
1974,-8.83046508709e+39,-5.92488022287e+38,1
1975,-1.80274145149e+31,-9.98708228633e+31,0
1976,-2.18693863819e+29,-2.37902495409e+35,0
1977,-5.89423941687e+36,-1.1874250237e+33,1
1978,-6.16923915121e+39,-3.15513233772e+35,1
1979,-1.23187872453e+38,-1.18839266114e+36,1
1980,-7.9024169625e+31,-5.06003659727e+33,0
1981,-8.51987883386e+34,-1.16138974105e+31,1
1982,-6.0440351031e+39,-4.4924230656e+34,1
1983,-1.13325152191e+35,-3.37867528423e+33,1
1984,-1.33041900509e+32,-1.04870684559e+38,0
1985,-2.09079316836e+36,-7.88652085944e+34,1
1986,-3.49574341814e+34,-1.83712338642e+32,1
1987,-7.0961607991e+40,-4.3860415958e+40,1
1988,-1.18383561427e+39,-4.25832810565e+37,1
1989,-2.32532611402e+34,-4.52835152054e+33,1
1990,-9.57905358039e+33,-1.47155731281e+35,0
